Machine_ID,Line_ID,Part_ID,Output_Qty,Timestamp,Machine_Status,Rejects,City,State
0xa00018,a000,100066,3,2019-10-01T23:02:26,1,FALSE,New York City,NY
0xa00031,a000,100067,2,2019-10-01T10:40:28,1,FALSE,New York City,NY
0xa00031,a000,100071,7,2019-10-01T16:28:34,0,FALSE,New York City,NY
0xa00019,a000,100087,2,2019-10-01T18:52:24,1,FALSE,New York City,NY
0xa00028,a000,100053,5,2019-10-01T04:38:13,1,FALSE,New York City,NY
0xa00033,a000,100028,9,2019-10-01T23:16:09,1,FALSE,New York City,NY
0xa00037,a000,100015,7,2019-10-01T16:19:15,1,FALSE,New York City,NY
0xa00018,a000,100051,4,2019-10-01T08:22:08,1,FALSE,New York City,NY
0xa00027,a000,100020,7,2019-10-01T08:07:14,0,FALSE,New York City,NY
0xa00006,a000,100041,9,2019-10-01T11:28:19,1,FALSE,New York City,NY
0xa00007,a000,100004,4,2019-10-01T17:45:24,1,FALSE,New York City,NY
0xa00006,a000,100065,4,2019-10-01T14:16:12,1,FALSE,New York City,NY
0xa00032,a000,100020,9,2019-10-01T14:59:48,1,FALSE,New York City,NY
0xa00018,a000,100086,8,2019-10-01T18:13:29,1,FALSE,New York City,NY
0xa00037,a000,100070,5,2019-10-01T10:44:35,0,FALSE,New York City,NY
0xa00020,a000,100030,2,2019-10-01T04:11:45,1,FALSE,New York City,NY
0xa00017,a000,100100,6,2019-10-01T04:02:14,1,FALSE,New York City,NY
0xa00009,a000,100062,2,2019-10-01T04:48:27,1,FALSE,New York City,NY
0xa00005,a000,100017,6,2019-10-01T08:09:16,1,FALSE,New York City,NY
0xa00032,a000,100070,7,2019-10-01T19:54:13,1,FALSE,New York City,NY
0xa00008,a000,100083,7,2019-10-01T23:23:35,1,FALSE,New York City,NY
0xa00039,a000,100038,6,2019-10-01T04:41:02,1,FALSE,New York City,NY
0xa00023,a000,100007,2,2019-10-01T16:00:01,1,FALSE,New York City,NY
0xa00009,a000,100012,5,2019-10-01T18:14:18,1,FALSE,New York City,NY
0xa00032,a000,100095,5,2019-10-01T18:57:08,1,FALSE,New York City,NY
0xa00033,a000,100010,6,2019-10-01T02:16:34,1,FALSE,New York City,NY
0xa00020,a000,100025,3,2019-10-01T11:06:49,1,FALSE,New York City,NY
0xa00010,a000,100012,6,2019-10-01T00:28:59,1,FALSE,New York City,NY
0xa00003,a000,100099,9,2019-10-01T21:50:55,1,FALSE,New York City,NY
0xa00032,a000,100080,2,2019-10-01T05:18:57,1,FALSE,New York City,NY
0xa00001,a000,100010,5,2019-10-01T12:14:48,1,FALSE,New York City,NY
0xa00033,a000,100048,9,2019-10-01T08:39:06,1,FALSE,New York City,NY
0xa00003,a000,100079,8,2019-10-01T21:23:23,1,FALSE,New York City,NY
0xa00036,a000,100047,9,2019-10-01T12:21:49,1,FALSE,New York City,NY
0xa00027,a000,100043,8,2019-10-01T12:01:17,1,FALSE,New York City,NY
0xa00024,a000,100073,5,2019-10-01T03:36:10,0,FALSE,New York City,NY
0xa00038,a000,100040,1,2019-10-01T22:54:27,1,FALSE,New York City,NY
0xa00008,a000,100049,9,2019-10-01T19:57:26,1,FALSE,New York City,NY
0xa00017,a000,100006,3,2019-10-01T09:37:29,1,TRUE,New York City,NY
0xa00034,a000,100076,7,2019-10-01T01:27:48,1,FALSE,New York City,NY
0xa00009,a000,100029,8,2019-10-01T01:01:46,1,FALSE,New York City,NY
0xa00016,a000,100089,1,2019-10-01T05:54:11,1,FALSE,New York City,NY
0xa00005,a000,100040,7,2019-10-01T02:59:37,1,FALSE,New York City,NY
0xa00022,a000,100017,1,2019-10-01T07:28:36,0,FALSE,New York City,NY
0xa00022,a000,100013,9,2019-10-01T01:52:22,1,FALSE,New York City,NY
0xa00007,a000,100093,8,2019-10-01T18:13:51,1,FALSE,New York City,NY
0xa00007,a000,100019,2,2019-10-01T13:13:37,1,FALSE,New York City,NY
0xa00027,a000,100051,1,2019-10-01T16:32:54,1,FALSE,New York City,NY
0xa00021,a000,100015,3,2019-10-01T02:22:56,1,FALSE,New York City,NY
0xa00029,a000,100091,9,2019-10-01T04:06:35,1,FALSE,New York City,NY
0xa00004,a000,100031,4,2019-10-01T17:58:00,1,FALSE,New York City,NY
0xa00029,a000,100001,4,2019-10-01T06:10:13,1,TRUE,New York City,NY
0xa00027,a000,100038,5,2019-10-01T23:38:22,1,FALSE,New York City,NY
0xa00007,a000,100036,7,2019-10-01T07:33:39,1,FALSE,New York City,NY
0xa00033,a000,100061,7,2019-10-01T03:55:22,1,FALSE,New York City,NY
0xa00015,a000,100047,2,2019-10-01T09:04:37,1,FALSE,New York City,NY
0xa00035,a000,100085,3,2019-10-01T11:04:29,1,FALSE,New York City,NY
0xa00010,a000,100066,1,2019-10-01T07:35:17,0,FALSE,New York City,NY
0xa00030,a000,100035,6,2019-10-01T21:17:08,1,FALSE,New York City,NY
0xa00030,a000,100069,7,2019-10-01T03:39:38,1,FALSE,New York City,NY
0xa00028,a000,100077,6,2019-10-01T13:45:54,1,FALSE,New York City,NY
0xa00005,a000,100064,6,2019-10-01T11:58:28,1,FALSE,New York City,NY
0xa00030,a000,100007,7,2019-10-01T19:33:37,0,FALSE,New York City,NY
0xa00013,a000,100100,3,2019-10-01T00:17:36,1,FALSE,New York City,NY
0xa00039,a000,100045,1,2019-10-01T14:02:04,1,FALSE,New York City,NY
0xa00011,a000,100044,5,2019-10-01T19:08:07,1,FALSE,New York City,NY
0xa00021,a000,100022,7,2019-10-01T09:39:26,0,FALSE,New York City,NY
0xa00035,a000,100091,8,2019-10-01T23:03:09,1,FALSE,New York City,NY
0xa00005,a000,100012,5,2019-10-01T12:50:22,1,FALSE,New York City,NY
0xa00032,a000,100100,8,2019-10-01T16:20:10,1,FALSE,New York City,NY
0xa00028,a000,100028,8,2019-10-01T00:19:28,1,FALSE,New York City,NY
0xa00009,a000,100098,6,2019-10-01T13:12:13,1,FALSE,New York City,NY
0xa00007,a000,100098,5,2019-10-01T20:16:23,1,FALSE,New York City,NY
0xa00035,a000,100028,7,2019-10-01T01:38:43,1,FALSE,New York City,NY
0xa00010,a000,100003,7,2019-10-01T17:09:34,1,FALSE,New York City,NY
0xa00008,a000,100038,5,2019-10-01T17:17:30,1,FALSE,New York City,NY
0xa00018,a000,100023,8,2019-10-01T02:45:50,1,FALSE,New York City,NY
0xa00032,a000,100033,7,2019-10-01T20:18:06,1,FALSE,New York City,NY
0xa00013,a000,100060,6,2019-10-01T06:00:34,1,FALSE,New York City,NY
0xa00027,a000,100023,5,2019-10-01T13:11:10,1,FALSE,New York City,NY
0xa00023,a000,100007,8,2019-10-01T14:39:38,1,FALSE,New York City,NY
0xa00006,a000,100031,7,2019-10-01T11:49:09,1,FALSE,New York City,NY
0xa00003,a000,100041,2,2019-10-01T17:47:42,1,FALSE,New York City,NY
0xa00025,a000,100049,4,2019-10-01T20:41:52,1,FALSE,New York City,NY
0xa00010,a000,100009,7,2019-10-01T09:35:18,1,FALSE,New York City,NY
0xa00006,a000,100058,1,2019-10-01T02:38:40,1,FALSE,New York City,NY
0xa00002,a000,100091,7,2019-10-01T00:32:31,0,FALSE,New York City,NY
0xa00016,a000,100088,8,2019-10-01T02:57:47,1,FALSE,New York City,NY
0xa00013,a000,100090,7,2019-10-01T02:09:55,1,FALSE,New York City,NY
0xa00011,a000,100093,5,2019-10-01T19:15:27,1,FALSE,New York City,NY
0xa00023,a000,100063,6,2019-10-01T21:54:30,1,FALSE,New York City,NY
0xa00036,a000,100085,8,2019-10-01T19:39:04,1,TRUE,New York City,NY
0xa00012,a000,100039,7,2019-10-01T15:21:59,0,FALSE,New York City,NY
0xa00025,a000,100036,3,2019-10-01T13:47:50,1,FALSE,New York City,NY
0xa00017,a000,100083,1,2019-10-01T07:51:33,1,FALSE,New York City,NY
0xa00010,a000,100092,8,2019-10-01T04:53:32,1,FALSE,New York City,NY
0xa00018,a000,100005,9,2019-10-01T09:04:04,1,FALSE,New York City,NY
0xa00026,a000,100030,1,2019-10-01T11:55:46,1,FALSE,New York City,NY
0xa00014,a000,100003,4,2019-10-01T13:18:21,1,FALSE,New York City,NY
0xa00036,a000,100024,1,2019-10-01T20:49:36,1,FALSE,New York City,NY
0xa00008,a000,100098,8,2019-10-01T07:42:24,1,FALSE,New York City,NY
0xa00039,a000,100072,5,2019-10-01T06:03:21,1,FALSE,New York City,NY
0xa00007,a000,100097,1,2019-10-01T23:50:32,1,FALSE,New York City,NY
0xa00020,a000,100052,1,2019-10-01T22:58:24,1,TRUE,New York City,NY
0xa00007,a000,100047,2,2019-10-01T01:24:20,1,FALSE,New York City,NY
0xa00024,a000,100090,8,2019-10-01T07:21:25,1,FALSE,New York City,NY
0xa00039,a000,100070,9,2019-10-01T02:09:49,1,FALSE,New York City,NY
0xa00001,a000,100033,9,2019-10-01T09:18:25,1,FALSE,New York City,NY
0xa00008,a000,100047,4,2019-10-01T09:13:21,1,FALSE,New York City,NY
0xa00009,a000,100032,7,2019-10-01T23:07:11,1,FALSE,New York City,NY
0xa00010,a000,100006,3,2019-10-01T12:38:16,1,FALSE,New York City,NY
0xa00017,a000,100003,7,2019-10-01T03:45:10,1,FALSE,New York City,NY
0xa00012,a000,100029,7,2019-10-01T23:58:47,1,FALSE,New York City,NY
0xa00024,a000,100056,2,2019-10-01T06:21:47,1,FALSE,New York City,NY
0xa00021,a000,100078,6,2019-10-01T09:23:08,1,FALSE,New York City,NY
0xa00017,a000,100060,9,2019-10-01T08:34:30,1,FALSE,New York City,NY
0xa00030,a000,100097,1,2019-10-01T00:46:53,1,FALSE,New York City,NY
0xa00037,a000,100091,4,2019-10-01T12:36:27,0,FALSE,New York City,NY
0xa00021,a000,100006,6,2019-10-01T13:12:52,1,FALSE,New York City,NY
0xa00037,a000,100026,3,2019-10-01T12:16:06,1,FALSE,New York City,NY
0xa00017,a000,100024,2,2019-10-01T01:08:20,0,FALSE,New York City,NY
0xa00019,a000,100071,8,2019-10-01T06:31:03,1,FALSE,New York City,NY
0xa00025,a000,100074,2,2019-10-01T16:10:21,1,FALSE,New York City,NY
0xa00018,a000,100068,9,2019-10-01T22:21:08,1,FALSE,New York City,NY
0xa00003,a000,100071,7,2019-10-01T20:24:19,1,FALSE,New York City,NY
0xa00027,a000,100058,1,2019-10-01T15:58:28,1,FALSE,New York City,NY
0xa00006,a000,100024,8,2019-10-01T06:24:47,1,FALSE,New York City,NY
0xa00025,a000,100049,8,2019-10-01T00:32:36,1,FALSE,New York City,NY
0xa00036,a000,100072,6,2019-10-01T23:35:00,1,FALSE,New York City,NY
0xa00012,a000,100034,9,2019-10-01T09:37:17,1,FALSE,New York City,NY
0xa00016,a000,100023,2,2019-10-01T20:01:17,1,FALSE,New York City,NY
0xa00031,a000,100014,5,2019-10-01T14:50:47,0,FALSE,New York City,NY
0xa00032,a000,100095,4,2019-10-01T19:12:27,1,FALSE,New York City,NY
0xa00017,a000,100090,2,2019-10-01T21:26:34,1,FALSE,New York City,NY
0xa00006,a000,100043,2,2019-10-01T03:09:03,1,FALSE,New York City,NY
0xa00016,a000,100058,9,2019-10-01T00:57:26,1,FALSE,New York City,NY
0xa00036,a000,100022,3,2019-10-01T05:24:37,1,FALSE,New York City,NY
0xa00018,a000,100082,5,2019-10-01T17:39:55,1,FALSE,New York City,NY
0xa00007,a000,100056,1,2019-10-01T01:42:26,1,FALSE,New York City,NY
0xa00004,a000,100077,5,2019-10-01T13:52:01,1,FALSE,New York City,NY
0xa00017,a000,100087,6,2019-10-01T05:45:16,1,FALSE,New York City,NY
0xa00038,a000,100013,4,2019-10-01T01:15:19,1,FALSE,New York City,NY
0xa00030,a000,100084,7,2019-10-01T01:43:20,1,FALSE,New York City,NY
0xa00028,a000,100029,4,2019-10-01T14:20:42,1,FALSE,New York City,NY
0xa00020,a000,100065,7,2019-10-01T00:35:41,1,FALSE,New York City,NY
0xa00039,a000,100080,1,2019-10-01T06:22:42,1,FALSE,New York City,NY
0xa00004,a000,100011,4,2019-10-01T16:40:08,1,FALSE,New York City,NY
0xa00018,a000,100089,7,2019-10-01T19:01:24,1,FALSE,New York City,NY
0xa00017,a000,100068,3,2019-10-01T09:53:27,1,FALSE,New York City,NY
0xa00005,a000,100098,4,2019-10-01T21:41:09,1,FALSE,New York City,NY
0xa00005,a000,100042,8,2019-10-01T12:18:05,1,FALSE,New York City,NY
0xa00002,a000,100007,3,2019-10-01T05:31:06,1,FALSE,New York City,NY
0xa00014,a000,100043,3,2019-10-01T06:43:01,0,FALSE,New York City,NY
0xa00016,a000,100054,3,2019-10-01T13:34:26,1,TRUE,New York City,NY
0xa00035,a000,100070,1,2019-10-01T07:28:11,1,FALSE,New York City,NY
0xa00007,a000,100096,1,2019-10-01T17:37:22,1,FALSE,New York City,NY
0xa00030,a000,100013,6,2019-10-01T12:40:52,1,FALSE,New York City,NY
0xa00023,a000,100031,3,2019-10-01T20:32:46,1,FALSE,New York City,NY
0xa00022,a000,100007,1,2019-10-01T21:43:57,1,FALSE,New York City,NY
0xa00002,a000,100066,3,2019-10-01T07:19:47,1,FALSE,New York City,NY
0xa00023,a000,100062,2,2019-10-01T05:39:24,0,TRUE,New York City,NY
0xa00039,a000,100083,4,2019-10-01T15:55:36,1,FALSE,New York City,NY
0xa00026,a000,100017,1,2019-10-01T01:43:18,1,FALSE,New York City,NY
0xa00002,a000,100023,2,2019-10-01T07:46:50,0,FALSE,New York City,NY
0xa00035,a000,100060,8,2019-10-01T08:03:46,1,FALSE,New York City,NY
0xa00020,a000,100049,9,2019-10-01T02:55:50,1,FALSE,New York City,NY
0xa00039,a000,100066,8,2019-10-01T09:47:39,1,FALSE,New York City,NY
0xa00018,a000,100007,5,2019-10-01T22:42:15,1,FALSE,New York City,NY
0xa00008,a000,100096,7,2019-10-01T19:56:38,1,FALSE,New York City,NY
0xa00008,a000,100036,8,2019-10-01T07:47:30,1,FALSE,New York City,NY
0xa00023,a000,100022,1,2019-10-01T10:04:33,1,FALSE,New York City,NY
0xa00022,a000,100033,4,2019-10-01T12:03:49,1,FALSE,New York City,NY
0xa00024,a000,100044,7,2019-10-01T17:37:53,1,FALSE,New York City,NY
0xa00002,a000,100091,5,2019-10-01T03:56:38,1,FALSE,New York City,NY
0xa00001,a000,100099,1,2019-10-01T06:27:43,1,FALSE,New York City,NY
0xa00023,a000,100080,8,2019-10-01T08:38:50,1,FALSE,New York City,NY
0xa00001,a000,100021,4,2019-10-01T05:57:05,1,FALSE,New York City,NY
0xa00012,a000,100078,2,2019-10-01T05:53:11,1,FALSE,New York City,NY
0xa00014,a000,100075,9,2019-10-01T23:38:03,1,FALSE,New York City,NY
0xa00018,a000,100092,8,2019-10-01T01:43:52,1,FALSE,New York City,NY
0xa00030,a000,100078,3,2019-10-01T22:27:45,1,FALSE,New York City,NY
0xa00032,a000,100060,1,2019-10-01T19:35:52,1,FALSE,New York City,NY
0xa00027,a000,100023,1,2019-10-01T17:02:11,1,FALSE,New York City,NY
0xa00014,a000,100068,9,2019-10-01T13:26:15,0,FALSE,New York City,NY
0xa00026,a000,100038,2,2019-10-01T05:20:43,0,FALSE,New York City,NY
0xa00010,a000,100064,7,2019-10-01T23:21:15,1,TRUE,New York City,NY
0xa00038,a000,100075,9,2019-10-01T05:59:49,1,FALSE,New York City,NY
0xa00014,a000,100076,9,2019-10-01T18:03:55,1,FALSE,New York City,NY
0xa00017,a000,100095,9,2019-10-01T04:53:16,1,FALSE,New York City,NY
0xa00029,a000,100083,7,2019-10-01T13:10:31,1,TRUE,New York City,NY
0xa00025,a000,100059,8,2019-10-01T14:16:51,1,FALSE,New York City,NY
0xa00012,a000,100005,6,2019-10-01T13:59:59,1,FALSE,New York City,NY
0xa00037,a000,100043,9,2019-10-01T05:00:54,1,FALSE,New York City,NY
0xa00026,a000,100009,6,2019-10-01T01:08:07,1,FALSE,New York City,NY
0xa00005,a000,100039,4,2019-10-01T08:59:25,1,FALSE,New York City,NY
0xa00018,a000,100075,9,2019-10-01T20:20:24,1,FALSE,New York City,NY
0xa00037,a000,100079,7,2019-10-01T23:19:28,1,FALSE,New York City,NY
0xa00032,a000,100070,4,2019-10-01T03:45:11,1,FALSE,New York City,NY
0xa00013,a000,100049,4,2019-10-01T09:46:41,1,FALSE,New York City,NY
0xa00019,a000,100081,7,2019-10-01T14:12:02,1,FALSE,New York City,NY
0xa00031,a000,100064,3,2019-10-01T08:25:31,1,FALSE,New York City,NY
0xa00037,a000,100098,9,2019-10-01T00:50:20,1,FALSE,New York City,NY
0xa00030,a000,100055,1,2019-10-01T04:00:06,1,FALSE,New York City,NY
0xa00003,a000,100044,4,2019-10-01T14:08:10,1,FALSE,New York City,NY
0xa00028,a000,100080,3,2019-10-01T11:12:53,1,TRUE,New York City,NY
0xa00011,a000,100050,9,2019-10-01T01:27:48,1,FALSE,New York City,NY
0xa00007,a000,100081,1,2019-10-01T02:40:43,1,FALSE,New York City,NY
0xa00006,a000,100035,6,2019-10-01T04:18:57,1,FALSE,New York City,NY
0xa00026,a000,100068,3,2019-10-01T12:21:00,1,FALSE,New York City,NY
0xa00004,a000,100080,3,2019-10-01T21:56:48,1,FALSE,New York City,NY
0xa00034,a000,100082,4,2019-10-01T02:03:30,1,FALSE,New York City,NY
0xa00031,a000,100097,5,2019-10-01T16:38:19,1,FALSE,New York City,NY
0xa00020,a000,100040,6,2019-10-01T09:37:10,1,FALSE,New York City,NY
0xa00035,a000,100044,4,2019-10-01T12:56:55,1,FALSE,New York City,NY
0xa00034,a000,100073,4,2019-10-01T14:27:44,0,FALSE,New York City,NY
0xa00006,a000,100073,7,2019-10-01T18:35:33,1,FALSE,New York City,NY
0xa00020,a000,100058,8,2019-10-01T09:36:20,1,FALSE,New York City,NY
0xa00006,a000,100086,1,2019-10-01T06:17:37,0,FALSE,New York City,NY
0xa00036,a000,100073,2,2019-10-01T16:22:34,1,FALSE,New York City,NY
0xa00038,a000,100073,8,2019-10-01T15:00:54,1,FALSE,New York City,NY
0xa00020,a000,100035,3,2019-10-01T00:01:23,1,FALSE,New York City,NY
0xa00029,a000,100073,4,2019-10-01T22:39:49,1,FALSE,New York City,NY
0xa00017,a000,100094,2,2019-10-01T11:22:08,0,FALSE,New York City,NY
0xa00007,a000,100003,9,2019-10-01T16:10:19,0,FALSE,New York City,NY
0xa00034,a000,100054,2,2019-10-01T00:09:58,1,FALSE,New York City,NY
0xa00030,a000,100082,3,2019-10-01T21:27:05,1,FALSE,New York City,NY
0xa00004,a000,100041,6,2019-10-01T05:49:22,1,FALSE,New York City,NY
0xa00019,a000,100087,8,2019-10-01T18:47:46,1,FALSE,New York City,NY
0xa00035,a000,100034,5,2019-10-01T23:52:44,1,FALSE,New York City,NY
0xa00029,a000,100092,3,2019-10-01T20:28:57,1,FALSE,New York City,NY
0xa00032,a000,100031,1,2019-10-01T13:16:05,1,TRUE,New York City,NY
0xa00016,a000,100096,3,2019-10-01T04:13:39,1,FALSE,New York City,NY
0xa00037,a000,100055,9,2019-10-01T07:54:15,1,FALSE,New York City,NY
0xa00028,a000,100011,8,2019-10-01T03:45:20,1,FALSE,New York City,NY
0xa00004,a000,100069,7,2019-10-01T10:06:56,0,TRUE,New York City,NY
0xa00033,a000,100056,5,2019-10-01T20:16:19,1,FALSE,New York City,NY
0xa00001,a000,100050,5,2019-10-01T16:00:44,0,FALSE,New York City,NY
0xa00026,a000,100079,7,2019-10-01T05:37:09,1,FALSE,New York City,NY
0xa00011,a000,100066,9,2019-10-01T02:53:56,1,FALSE,New York City,NY
0xa00011,a000,100071,3,2019-10-01T12:33:34,1,FALSE,New York City,NY
0xa00019,a000,100016,4,2019-10-01T23:05:30,1,FALSE,New York City,NY
0xa00022,a000,100050,9,2019-10-01T15:12:18,1,FALSE,New York City,NY
0xa00038,a000,100023,4,2019-10-01T13:09:36,1,FALSE,New York City,NY
0xa00014,a000,100043,2,2019-10-01T08:40:49,1,FALSE,New York City,NY
0xa00006,a000,100048,1,2019-10-01T04:06:39,1,FALSE,New York City,NY
0xa00023,a000,100058,6,2019-10-01T03:37:44,1,FALSE,New York City,NY
0xa00001,a000,100028,8,2019-10-01T01:29:27,1,FALSE,New York City,NY
0xa00001,a000,100079,1,2019-10-01T20:34:41,1,FALSE,New York City,NY
0xa00026,a000,100023,8,2019-10-01T21:27:27,1,FALSE,New York City,NY
0xa00029,a000,100015,7,2019-10-01T11:38:28,1,FALSE,New York City,NY
0xa00035,a000,100040,9,2019-10-01T08:11:48,1,FALSE,New York City,NY
0xa00008,a000,100021,9,2019-10-01T01:01:30,1,FALSE,New York City,NY
0xa00011,a000,100002,3,2019-10-01T10:52:10,1,FALSE,New York City,NY
0xa00036,a000,100014,3,2019-10-01T13:18:20,0,FALSE,New York City,NY
0xa00022,a000,100060,1,2019-10-01T23:23:46,1,FALSE,New York City,NY
0xa00006,a000,100009,8,2019-10-01T21:21:41,1,FALSE,New York City,NY
0xa00035,a000,100020,8,2019-10-01T04:44:12,1,FALSE,New York City,NY
0xa00024,a000,100100,9,2019-10-01T06:11:47,1,FALSE,New York City,NY
0xa00027,a000,100055,8,2019-10-01T11:55:11,0,FALSE,New York City,NY
0xa00025,a000,100050,6,2019-10-01T01:25:01,0,FALSE,New York City,NY
0xa00031,a000,100032,6,2019-10-01T19:59:10,0,FALSE,New York City,NY
0xa00014,a000,100006,8,2019-10-01T08:18:21,1,FALSE,New York City,NY
0xa00010,a000,100014,9,2019-10-01T13:44:09,0,FALSE,New York City,NY
0xa00007,a000,100042,3,2019-10-01T07:19:29,1,FALSE,New York City,NY
0xa00028,a000,100011,8,2019-10-01T04:26:45,1,FALSE,New York City,NY
0xa00010,a000,100043,5,2019-10-01T01:06:03,1,FALSE,New York City,NY
0xa00026,a000,100061,3,2019-10-01T10:12:32,1,TRUE,New York City,NY
0xa00019,a000,100052,5,2019-10-01T01:56:45,1,FALSE,New York City,NY
0xa00035,a000,100004,4,2019-10-01T07:02:29,1,FALSE,New York City,NY
0xa00018,a000,100046,1,2019-10-01T11:03:57,1,FALSE,New York City,NY
0xa00038,a000,100084,3,2019-10-01T04:36:59,1,FALSE,New York City,NY
0xa00012,a000,100002,7,2019-10-01T22:50:44,0,FALSE,New York City,NY
0xa00006,a000,100093,3,2019-10-01T18:44:23,1,FALSE,New York City,NY
0xa00005,a000,100042,7,2019-10-01T18:14:09,1,FALSE,New York City,NY
0xa00009,a000,100031,4,2019-10-01T02:59:23,1,TRUE,New York City,NY
0xa00007,a000,100085,9,2019-10-01T13:14:20,0,FALSE,New York City,NY
0xa00021,a000,100028,9,2019-10-01T05:53:33,1,FALSE,New York City,NY
0xa00017,a000,100090,3,2019-10-01T16:58:42,1,FALSE,New York City,NY
0xa00038,a000,100035,7,2019-10-01T07:12:40,1,FALSE,New York City,NY
0xa00016,a000,100074,3,2019-10-01T06:28:07,1,FALSE,New York City,NY
0xa00012,a000,100015,1,2019-10-01T11:51:16,1,FALSE,New York City,NY
0xa00034,a000,100095,8,2019-10-01T22:22:28,1,FALSE,New York City,NY
0xa00003,a000,100016,8,2019-10-01T21:49:59,1,FALSE,New York City,NY
0xa00013,a000,100096,3,2019-10-01T12:47:05,1,FALSE,New York City,NY
0xa00001,a000,100056,5,2019-10-01T01:53:23,0,FALSE,New York City,NY
0xa00016,a000,100076,5,2019-10-01T20:14:29,1,FALSE,New York City,NY
0xa00004,a000,100042,9,2019-10-01T12:08:23,1,FALSE,New York City,NY
0xa00001,a000,100066,4,2019-10-01T09:50:41,1,FALSE,New York City,NY
0xa00018,a000,100026,7,2019-10-01T10:01:04,1,FALSE,New York City,NY
0xa00019,a000,100007,7,2019-10-01T08:06:35,1,FALSE,New York City,NY
0xa00005,a000,100066,3,2019-10-01T14:22:18,1,FALSE,New York City,NY
0xa00038,a000,100055,2,2019-10-01T01:34:17,1,FALSE,New York City,NY
0xa00010,a000,100045,4,2019-10-01T08:36:01,1,FALSE,New York City,NY
0xa00011,a000,100008,5,2019-10-01T22:57:27,1,FALSE,New York City,NY
0xa00023,a000,100006,9,2019-10-01T14:00:21,1,FALSE,New York City,NY
0xa00030,a000,100085,9,2019-10-01T20:38:49,0,FALSE,New York City,NY
0xa00017,a000,100058,4,2019-10-01T21:55:20,1,FALSE,New York City,NY
0xa00024,a000,100053,2,2019-10-01T21:39:08,1,TRUE,New York City,NY
0xa00036,a000,100059,3,2019-10-01T23:52:26,1,FALSE,New York City,NY
0xa00020,a000,100057,4,2019-10-01T08:57:10,1,FALSE,New York City,NY
0xa00017,a000,100053,2,2019-10-01T04:35:47,1,FALSE,New York City,NY
0xa00015,a000,100045,3,2019-10-01T07:02:27,1,TRUE,New York City,NY
0xa00036,a000,100070,8,2019-10-01T01:49:55,1,FALSE,New York City,NY
0xa00013,a000,100052,2,2019-10-01T15:16:41,1,FALSE,New York City,NY
0xa00018,a000,100033,4,2019-10-01T19:05:13,1,FALSE,New York City,NY
0xa00020,a000,100042,9,2019-10-01T16:26:41,1,FALSE,New York City,NY
0xa00017,a000,100064,9,2019-10-01T16:26:28,1,FALSE,New York City,NY
0xa00034,a000,100055,8,2019-10-01T01:58:00,1,FALSE,New York City,NY
0xa00011,a000,100073,1,2019-10-01T16:40:18,1,FALSE,New York City,NY
0xa00006,a000,100020,1,2019-10-01T06:58:03,1,FALSE,New York City,NY
0xa00014,a000,100071,6,2019-10-01T17:27:31,1,FALSE,New York City,NY
0xa00008,a000,100055,4,2019-10-01T20:07:27,1,FALSE,New York City,NY
0xa00028,a000,100025,3,2019-10-01T07:05:46,1,FALSE,New York City,NY
0xa00025,a000,100051,4,2019-10-01T08:22:49,1,FALSE,New York City,NY
0xa00033,a000,100053,1,2019-10-01T12:22:46,0,FALSE,New York City,NY
0xa00034,a000,100031,6,2019-10-01T23:55:02,1,FALSE,New York City,NY
0xa00020,a000,100040,6,2019-10-01T03:11:53,1,FALSE,New York City,NY
0xa00038,a000,100056,1,2019-10-01T02:51:53,1,FALSE,New York City,NY
0xa00038,a000,100039,6,2019-10-01T23:52:14,1,FALSE,New York City,NY
0xa00011,a000,100017,7,2019-10-01T23:07:22,1,FALSE,New York City,NY
0xa00017,a000,100087,6,2019-10-01T21:40:59,1,FALSE,New York City,NY
0xa00031,a000,100075,5,2019-10-01T22:52:37,1,FALSE,New York City,NY
0xa00039,a000,100047,2,2019-10-01T11:38:04,1,FALSE,New York City,NY
0xa00034,a000,100041,6,2019-10-01T08:58:44,1,FALSE,New York City,NY
0xa00014,a000,100005,9,2019-10-01T14:57:04,1,FALSE,New York City,NY
0xa00007,a000,100089,3,2019-10-01T14:15:39,1,FALSE,New York City,NY
0xa00033,a000,100012,2,2019-10-01T04:45:13,0,FALSE,New York City,NY
0xa00033,a000,100082,4,2019-10-01T15:18:13,1,FALSE,New York City,NY
0xa00005,a000,100043,7,2019-10-01T04:25:39,1,FALSE,New York City,NY
0xa00021,a000,100012,8,2019-10-01T01:24:06,1,FALSE,New York City,NY
0xa00004,a000,100074,7,2019-10-01T19:01:53,1,FALSE,New York City,NY
0xa00006,a000,100037,3,2019-10-01T14:30:27,1,FALSE,New York City,NY
0xa00005,a000,100013,4,2019-10-01T10:11:17,1,FALSE,New York City,NY
0xa00034,a000,100054,5,2019-10-01T22:51:25,1,FALSE,New York City,NY
0xa00003,a000,100007,8,2019-10-01T06:17:42,1,FALSE,New York City,NY
0xa00021,a000,100060,2,2019-10-01T02:30:36,1,FALSE,New York City,NY
0xa00033,a000,100084,7,2019-10-01T07:10:07,1,FALSE,New York City,NY
0xa00028,a000,100072,6,2019-10-01T19:26:46,1,FALSE,New York City,NY
0xa00009,a000,100069,1,2019-10-01T17:27:25,1,FALSE,New York City,NY
0xa00037,a000,100012,1,2019-10-01T23:28:36,1,FALSE,New York City,NY
0xa00036,a000,100035,2,2019-10-01T04:27:42,1,FALSE,New York City,NY
0xa00014,a000,100052,3,2019-10-01T22:58:26,0,FALSE,New York City,NY
0xa00014,a000,100051,5,2019-10-01T00:31:46,0,FALSE,New York City,NY
0xa00002,a000,100051,4,2019-10-01T07:56:16,0,FALSE,New York City,NY
0xa00036,a000,100100,2,2019-10-01T14:19:25,1,FALSE,New York City,NY
0xa00034,a000,100073,7,2019-10-01T14:08:27,1,FALSE,New York City,NY
0xa00013,a000,100036,3,2019-10-01T14:41:57,1,FALSE,New York City,NY
0xa00006,a000,100024,4,2019-10-01T01:18:35,1,FALSE,New York City,NY
0xa00025,a000,100010,2,2019-10-01T21:40:37,1,FALSE,New York City,NY
0xa00028,a000,100089,5,2019-10-01T13:28:30,1,FALSE,New York City,NY
0xa00007,a000,100034,7,2019-10-01T11:21:51,1,FALSE,New York City,NY
0xa00011,a000,100060,4,2019-10-01T07:12:47,1,FALSE,New York City,NY
0xa00026,a000,100066,7,2019-10-01T04:04:11,1,FALSE,New York City,NY
0xa00014,a000,100037,1,2019-10-01T12:19:11,1,FALSE,New York City,NY
0xa00031,a000,100008,8,2019-10-01T11:28:48,1,FALSE,New York City,NY
0xa00039,a000,100015,1,2019-10-01T15:30:31,1,FALSE,New York City,NY
0xa00036,a000,100021,6,2019-10-01T05:55:06,1,FALSE,New York City,NY
0xa00031,a000,100046,8,2019-10-01T03:25:49,1,FALSE,New York City,NY
0xa00031,a000,100081,4,2019-10-01T21:25:15,0,FALSE,New York City,NY
0xa00001,a000,100040,2,2019-10-01T05:26:21,1,FALSE,New York City,NY
0xa00014,a000,100086,5,2019-10-01T23:47:02,0,FALSE,New York City,NY
0xa00021,a000,100087,2,2019-10-01T04:00:07,1,FALSE,New York City,NY
0xa00010,a000,100017,4,2019-10-01T03:44:07,1,FALSE,New York City,NY
0xa00025,a000,100020,8,2019-10-01T21:50:56,1,FALSE,New York City,NY
0xa00029,a000,100056,8,2019-10-01T21:10:31,1,FALSE,New York City,NY
0xa00017,a000,100037,4,2019-10-01T02:20:17,0,TRUE,New York City,NY
0xa00010,a000,100073,1,2019-10-01T00:32:03,1,FALSE,New York City,NY
0xa00028,a000,100086,1,2019-10-01T16:16:00,1,FALSE,New York City,NY
0xa00022,a000,100093,9,2019-10-01T00:48:27,0,TRUE,New York City,NY
0xa00024,a000,100092,7,2019-10-01T17:20:34,1,FALSE,New York City,NY
0xa00027,a000,100084,3,2019-10-01T10:07:58,1,FALSE,New York City,NY
0xa00022,a000,100038,6,2019-10-01T10:49:15,1,FALSE,New York City,NY
0xa00032,a000,100028,9,2019-10-01T03:18:35,1,FALSE,New York City,NY
0xa00004,a000,100067,1,2019-10-01T16:46:23,1,FALSE,New York City,NY
0xa00037,a000,100071,1,2019-10-01T11:06:57,1,FALSE,New York City,NY
0xa00005,a000,100083,1,2019-10-01T20:47:46,1,FALSE,New York City,NY
0xa00003,a000,100076,6,2019-10-01T13:32:09,1,FALSE,New York City,NY
0xa00024,a000,100093,3,2019-10-01T01:16:32,0,FALSE,New York City,NY
0xa00023,a000,100015,9,2019-10-01T23:57:26,1,FALSE,New York City,NY
0xa00039,a000,100088,5,2019-10-01T04:39:47,1,FALSE,New York City,NY
0xa00032,a000,100030,8,2019-10-01T16:34:21,1,FALSE,New York City,NY
0xa00036,a000,100086,3,2019-10-01T01:13:24,1,FALSE,New York City,NY
0xa00023,a000,100071,1,2019-10-01T13:54:57,1,FALSE,New York City,NY
0xa00018,a000,100040,6,2019-10-01T15:39:38,1,FALSE,New York City,NY
0xa00002,a000,100013,9,2019-10-01T23:22:57,1,FALSE,New York City,NY
0xa00009,a000,100055,6,2019-10-01T10:02:01,1,FALSE,New York City,NY
0xa00019,a000,100100,9,2019-10-01T03:24:56,1,FALSE,New York City,NY
0xa00038,a000,100069,5,2019-10-01T00:17:54,1,FALSE,New York City,NY
0xa00008,a000,100033,8,2019-10-01T16:11:10,1,FALSE,New York City,NY
0xa00013,a000,100074,5,2019-10-01T15:09:31,1,FALSE,New York City,NY
0xa00022,a000,100030,4,2019-10-01T23:58:00,1,FALSE,New York City,NY
0xa00022,a000,100084,1,2019-10-01T04:40:15,1,FALSE,New York City,NY
0xa00038,a000,100060,4,2019-10-01T12:58:30,1,FALSE,New York City,NY
0xa00015,a000,100038,1,2019-10-01T13:13:49,1,FALSE,New York City,NY
0xa00032,a000,100015,4,2019-10-01T23:34:28,1,FALSE,New York City,NY
0xa00036,a000,100047,1,2019-10-01T21:56:09,1,FALSE,New York City,NY
0xa00027,a000,100006,1,2019-10-01T18:10:04,1,FALSE,New York City,NY
0xa00020,a000,100038,7,2019-10-01T13:22:20,1,FALSE,New York City,NY
0xa00004,a000,100052,1,2019-10-01T08:10:49,1,TRUE,New York City,NY
0xa00007,a000,100057,7,2019-10-01T14:36:28,0,FALSE,New York City,NY
0xa00016,a000,100032,3,2019-10-01T04:18:49,1,FALSE,New York City,NY
0xa00002,a000,100039,5,2019-10-01T11:51:19,1,FALSE,New York City,NY
0xa00005,a000,100071,9,2019-10-01T23:52:20,1,FALSE,New York City,NY
0xa00037,a000,100024,9,2019-10-01T02:33:56,1,TRUE,New York City,NY
0xa00016,a000,100080,6,2019-10-01T06:51:11,1,FALSE,New York City,NY
0xa00001,a000,100033,5,2019-10-01T22:21:33,1,FALSE,New York City,NY
0xa00012,a000,100073,2,2019-10-01T03:12:48,1,FALSE,New York City,NY
0xa00029,a000,100004,3,2019-10-01T07:53:05,1,FALSE,New York City,NY
0xa00014,a000,100070,6,2019-10-01T16:35:48,1,FALSE,New York City,NY
0xa00038,a000,100069,7,2019-10-01T17:37:07,1,FALSE,New York City,NY
0xa00017,a000,100025,2,2019-10-01T13:57:15,1,FALSE,New York City,NY
0xa00022,a000,100058,9,2019-10-01T07:35:37,1,FALSE,New York City,NY
0xa00005,a000,100045,5,2019-10-01T16:39:46,1,FALSE,New York City,NY
0xa00013,a000,100089,3,2019-10-01T16:16:14,0,FALSE,New York City,NY
0xa00018,a000,100012,4,2019-10-01T16:43:32,0,FALSE,New York City,NY
0xa00004,a000,100027,1,2019-10-01T18:44:21,1,FALSE,New York City,NY
0xa00006,a000,100081,7,2019-10-01T08:38:21,1,FALSE,New York City,NY
0xa00021,a000,100096,5,2019-10-01T13:10:16,1,FALSE,New York City,NY
0xa00033,a000,100076,9,2019-10-01T16:24:10,0,FALSE,New York City,NY
0xa00016,a000,100075,8,2019-10-01T21:00:33,1,FALSE,New York City,NY
0xa00036,a000,100057,2,2019-10-01T19:04:51,1,FALSE,New York City,NY
0xa00022,a000,100094,8,2019-10-01T03:31:36,1,FALSE,New York City,NY
0xa00005,a000,100007,4,2019-10-01T23:24:16,1,FALSE,New York City,NY
0xa00025,a000,100026,2,2019-10-01T17:24:54,1,FALSE,New York City,NY
0xa00005,a000,100036,6,2019-10-01T23:13:09,1,FALSE,New York City,NY
0xa00009,a000,100093,8,2019-10-01T17:59:41,1,FALSE,New York City,NY
0xa00003,a000,100024,5,2019-10-01T10:28:33,1,FALSE,New York City,NY
0xa00024,a000,100025,6,2019-10-01T23:50:44,1,FALSE,New York City,NY
0xa00030,a000,100031,8,2019-10-01T11:42:05,1,FALSE,New York City,NY
0xa00027,a000,100071,5,2019-10-01T22:47:19,1,FALSE,New York City,NY
0xa00022,a000,100078,2,2019-10-01T19:49:16,1,FALSE,New York City,NY
0xa00025,a000,100018,6,2019-10-01T17:30:36,1,FALSE,New York City,NY
0xa00011,a000,100079,6,2019-10-01T00:19:40,1,FALSE,New York City,NY
0xa00032,a000,100093,5,2019-10-01T22:10:01,1,FALSE,New York City,NY
0xa00010,a000,100067,9,2019-10-01T21:20:57,1,FALSE,New York City,NY
0xa00036,a000,100031,4,2019-10-01T06:21:52,1,FALSE,New York City,NY
0xa00014,a000,100065,9,2019-10-01T21:13:49,1,FALSE,New York City,NY
0xa00018,a000,100015,9,2019-10-01T20:24:32,1,FALSE,New York City,NY
0xa00010,a000,100046,8,2019-10-01T05:59:46,1,FALSE,New York City,NY
0xa00005,a000,100077,8,2019-10-01T01:58:56,1,FALSE,New York City,NY
0xa00017,a000,100066,2,2019-10-01T09:05:08,1,FALSE,New York City,NY
0xa00030,a000,100027,3,2019-10-01T07:57:47,1,FALSE,New York City,NY
0xa00033,a000,100073,3,2019-10-01T01:08:11,1,FALSE,New York City,NY
0xa00001,a000,100020,6,2019-10-01T20:35:56,1,TRUE,New York City,NY
0xa00002,a000,100092,6,2019-10-01T16:31:58,1,FALSE,New York City,NY
0xa00005,a000,100017,5,2019-10-01T02:53:02,1,TRUE,New York City,NY
0xa00008,a000,100026,5,2019-10-01T02:12:58,1,FALSE,New York City,NY
0xa00018,a000,100060,1,2019-10-01T07:40:07,1,FALSE,New York City,NY
0xa00007,a000,100059,1,2019-10-01T04:56:36,0,FALSE,New York City,NY
0xa00002,a000,100071,3,2019-10-01T12:02:53,1,FALSE,New York City,NY
0xa00031,a000,100047,5,2019-10-01T07:03:17,1,FALSE,New York City,NY
0xa00021,a000,100037,1,2019-10-01T09:42:10,1,FALSE,New York City,NY
0xa00003,a000,100051,5,2019-10-01T02:25:14,1,FALSE,New York City,NY
0xa00005,a000,100091,5,2019-10-01T18:44:34,1,TRUE,New York City,NY
0xa00037,a000,100008,9,2019-10-01T05:23:36,1,FALSE,New York City,NY
0xa00007,a000,100084,8,2019-10-01T20:46:10,1,FALSE,New York City,NY
0xa00020,a000,100041,5,2019-10-01T02:44:13,1,TRUE,New York City,NY
0xa00004,a000,100068,7,2019-10-01T00:05:31,0,FALSE,New York City,NY
0xa00030,a000,100034,4,2019-10-01T09:47:39,1,FALSE,New York City,NY
0xa00006,a000,100080,7,2019-10-01T02:24:42,1,FALSE,New York City,NY
0xa00010,a000,100082,9,2019-10-01T05:37:46,1,FALSE,New York City,NY
0xa00033,a000,100029,5,2019-10-01T10:59:37,1,FALSE,New York City,NY
0xa00010,a000,100077,6,2019-10-01T12:23:06,1,FALSE,New York City,NY
0xa00018,a000,100076,7,2019-10-01T21:58:31,1,FALSE,New York City,NY
0xa00016,a000,100024,5,2019-10-01T23:26:14,0,FALSE,New York City,NY
0xa00036,a000,100002,9,2019-10-01T12:27:00,1,TRUE,New York City,NY
0xa00008,a000,100088,3,2019-10-01T11:40:30,0,FALSE,New York City,NY
0xa00017,a000,100014,9,2019-10-01T10:34:41,1,FALSE,New York City,NY
0xa00018,a000,100092,2,2019-10-01T18:33:21,1,FALSE,New York City,NY
0xa00021,a000,100097,9,2019-10-01T00:28:28,1,FALSE,New York City,NY
0xa00019,a000,100013,1,2019-10-01T08:24:00,1,FALSE,New York City,NY
0xa00023,a000,100086,1,2019-10-01T08:02:20,1,FALSE,New York City,NY
0xa00009,a000,100059,4,2019-10-01T12:35:05,1,FALSE,New York City,NY
0xa00015,a000,100041,5,2019-10-01T17:31:39,1,FALSE,New York City,NY
0xa00036,a000,100011,9,2019-10-01T05:56:00,1,FALSE,New York City,NY
0xa00034,a000,100080,4,2019-10-01T18:44:41,1,FALSE,New York City,NY
0xa00033,a000,100048,9,2019-10-01T19:24:42,1,FALSE,New York City,NY
0xa00009,a000,100003,9,2019-10-01T16:20:19,1,FALSE,New York City,NY
0xa00002,a000,100073,7,2019-10-01T20:48:13,1,FALSE,New York City,NY
0xa00026,a000,100046,1,2019-10-01T15:53:03,1,FALSE,New York City,NY
0xa00034,a000,100100,7,2019-10-01T04:41:12,1,TRUE,New York City,NY
0xa00022,a000,100031,4,2019-10-01T13:48:22,0,FALSE,New York City,NY
0xa00015,a000,100084,7,2019-10-01T18:13:11,1,FALSE,New York City,NY
0xa00008,a000,100004,3,2019-10-01T18:44:48,1,FALSE,New York City,NY
0xa00007,a000,100096,2,2019-10-01T21:47:30,0,TRUE,New York City,NY
0xa00001,a000,100016,9,2019-10-01T05:08:51,0,FALSE,New York City,NY
0xa00012,a000,100076,3,2019-10-01T08:59:13,1,FALSE,New York City,NY
0xa00025,a000,100063,8,2019-10-01T15:59:00,1,TRUE,New York City,NY
0xa00027,a000,100039,5,2019-10-01T10:28:26,0,FALSE,New York City,NY
0xa00032,a000,100058,3,2019-10-01T23:26:49,1,FALSE,New York City,NY
0xa00006,a000,100079,9,2019-10-01T23:50:05,0,FALSE,New York City,NY
0xa00001,a000,100042,7,2019-10-01T17:32:31,1,FALSE,New York City,NY
0xa00005,a000,100008,6,2019-10-01T00:45:40,1,FALSE,New York City,NY
0xa00027,a000,100039,7,2019-10-01T13:25:59,1,FALSE,New York City,NY
0xa00036,a000,100086,1,2019-10-01T03:26:40,1,FALSE,New York City,NY
0xa00015,a000,100082,3,2019-10-01T14:52:19,1,FALSE,New York City,NY
0xa00011,a000,100075,7,2019-10-01T11:30:39,1,FALSE,New York City,NY
0xa00025,a000,100037,5,2019-10-01T12:40:11,0,FALSE,New York City,NY
0xa00031,a000,100072,3,2019-10-01T19:33:13,1,FALSE,New York City,NY
0xa00028,a000,100004,8,2019-10-01T07:21:52,1,FALSE,New York City,NY
0xa00030,a000,100032,2,2019-10-01T13:46:36,0,FALSE,New York City,NY
0xa00035,a000,100003,7,2019-10-01T00:07:02,1,FALSE,New York City,NY
0xa00013,a000,100023,8,2019-10-01T09:18:17,1,TRUE,New York City,NY
0xa00010,a000,100057,6,2019-10-01T07:57:59,0,FALSE,New York City,NY
0xa00011,a000,100049,8,2019-10-01T11:10:49,1,FALSE,New York City,NY
0xa00007,a000,100095,7,2019-10-01T02:55:58,1,FALSE,New York City,NY
0xa00007,a000,100090,2,2019-10-01T07:37:40,1,FALSE,New York City,NY
0xa00003,a000,100065,6,2019-10-01T10:06:04,1,FALSE,New York City,NY
0xa00003,a000,100007,2,2019-10-01T04:44:25,0,FALSE,New York City,NY
0xa00001,a000,100072,7,2019-10-01T09:33:39,1,FALSE,New York City,NY
0xa00033,a000,100040,6,2019-10-01T02:25:27,0,FALSE,New York City,NY
0xa00032,a000,100060,3,2019-10-01T16:23:51,1,FALSE,New York City,NY
0xa00014,a000,100030,7,2019-10-01T17:50:05,1,FALSE,New York City,NY
0xa00019,a000,100095,9,2019-10-01T16:51:38,1,FALSE,New York City,NY
0xa00007,a000,100002,3,2019-10-01T09:48:41,1,FALSE,New York City,NY
0xa00015,a000,100029,6,2019-10-01T14:53:21,1,FALSE,New York City,NY
0xa00035,a000,100061,4,2019-10-01T17:47:47,1,FALSE,New York City,NY
0xa00031,a000,100082,6,2019-10-01T23:49:40,1,FALSE,New York City,NY
0xa00038,a000,100045,6,2019-10-01T22:48:38,1,TRUE,New York City,NY
0xa00030,a000,100057,1,2019-10-01T14:48:27,1,FALSE,New York City,NY
0xa00016,a000,100064,1,2019-10-01T22:51:21,1,FALSE,New York City,NY
0xa00006,a000,100020,3,2019-10-01T10:46:07,1,FALSE,New York City,NY
0xa00007,a000,100095,2,2019-10-01T06:45:46,1,FALSE,New York City,NY
0xa00035,a000,100040,5,2019-10-01T10:38:12,0,FALSE,New York City,NY
0xa00017,a000,100021,8,2019-10-01T18:05:42,1,FALSE,New York City,NY
0xa00025,a000,100067,4,2019-10-01T06:18:04,1,FALSE,New York City,NY
0xa00020,a000,100077,1,2019-10-01T00:18:57,1,FALSE,New York City,NY
0xa00028,a000,100081,5,2019-10-01T15:31:47,1,FALSE,New York City,NY
0xa00001,a000,100083,6,2019-10-01T06:21:32,1,FALSE,New York City,NY
0xa00008,a000,100071,4,2019-10-01T19:51:50,1,FALSE,New York City,NY
0xa00005,a000,100100,9,2019-10-01T07:40:34,1,FALSE,New York City,NY
0xa00007,a000,100043,2,2019-10-01T14:32:57,1,FALSE,New York City,NY
0xa00017,a000,100058,1,2019-10-01T23:51:13,0,FALSE,New York City,NY
0xa00014,a000,100020,7,2019-10-01T00:43:33,1,FALSE,New York City,NY
0xa00016,a000,100089,3,2019-10-01T18:33:58,1,FALSE,New York City,NY
0xa00007,a000,100041,2,2019-10-01T17:57:47,0,FALSE,New York City,NY
0xa00002,a000,100019,1,2019-10-01T06:35:09,1,FALSE,New York City,NY
0xa00033,a000,100015,8,2019-10-01T20:16:51,1,TRUE,New York City,NY
0xa00015,a000,100022,6,2019-10-01T17:13:35,1,FALSE,New York City,NY
0xa00013,a000,100006,5,2019-10-01T16:42:27,0,TRUE,New York City,NY
0xa00002,a000,100016,7,2019-10-01T09:57:23,1,TRUE,New York City,NY
0xa00028,a000,100053,5,2019-10-01T10:34:13,1,FALSE,New York City,NY
0xa00025,a000,100076,5,2019-10-01T12:23:05,1,FALSE,New York City,NY
0xa00028,a000,100100,1,2019-10-01T10:43:47,1,TRUE,New York City,NY
0xa00034,a000,100021,7,2019-10-01T03:33:57,1,FALSE,New York City,NY
0xa00034,a000,100078,7,2019-10-01T04:35:59,1,FALSE,New York City,NY
0xa00002,a000,100079,8,2019-10-01T04:32:25,0,FALSE,New York City,NY
0xa00014,a000,100036,3,2019-10-01T17:33:19,1,FALSE,New York City,NY
0xa00015,a000,100035,2,2019-10-01T07:49:20,1,FALSE,New York City,NY
0xa00015,a000,100014,8,2019-10-01T02:49:31,1,FALSE,New York City,NY
0xa00003,a000,100075,9,2019-10-01T12:53:53,0,FALSE,New York City,NY
0xa00009,a000,100079,1,2019-10-01T08:46:33,1,FALSE,New York City,NY
0xa00023,a000,100054,3,2019-10-01T13:05:24,1,FALSE,New York City,NY
0xa00022,a000,100021,7,2019-10-01T01:45:28,1,FALSE,New York City,NY
0xa00016,a000,100100,9,2019-10-01T11:33:55,1,FALSE,New York City,NY
0xa00030,a000,100078,7,2019-10-01T02:41:27,1,FALSE,New York City,NY
0xa00008,a000,100019,2,2019-10-01T20:37:32,1,FALSE,New York City,NY
0xa00014,a000,100028,1,2019-10-01T18:08:42,1,FALSE,New York City,NY
0xa00026,a000,100047,2,2019-10-01T15:32:48,1,FALSE,New York City,NY
0xa00010,a000,100057,6,2019-10-01T08:30:10,1,FALSE,New York City,NY
0xa00032,a000,100002,2,2019-10-01T08:48:53,1,FALSE,New York City,NY
0xa00036,a000,100066,3,2019-10-01T21:01:19,1,FALSE,New York City,NY
0xa00005,a000,100036,9,2019-10-01T08:03:21,1,FALSE,New York City,NY
0xa00005,a000,100088,9,2019-10-01T16:33:27,1,FALSE,New York City,NY
0xa00013,a000,100001,4,2019-10-01T17:30:58,1,FALSE,New York City,NY
0xa00009,a000,100047,1,2019-10-01T13:48:27,1,FALSE,New York City,NY
0xa00028,a000,100012,6,2019-10-01T20:05:29,1,FALSE,New York City,NY
0xa00008,a000,100079,9,2019-10-01T15:59:16,1,FALSE,New York City,NY
0xa00007,a000,100054,3,2019-10-01T07:27:34,0,FALSE,New York City,NY
0xa00007,a000,100092,5,2019-10-01T04:55:21,1,FALSE,New York City,NY
0xa00003,a000,100072,7,2019-10-01T04:31:37,0,FALSE,New York City,NY
0xa00002,a000,100080,7,2019-10-01T12:28:46,1,FALSE,New York City,NY
0xa00003,a000,100084,8,2019-10-01T05:39:49,1,FALSE,New York City,NY
0xa00005,a000,100031,8,2019-10-01T20:23:52,1,FALSE,New York City,NY
0xa00037,a000,100078,5,2019-10-01T18:43:03,1,FALSE,New York City,NY
0xa00002,a000,100020,7,2019-10-01T11:00:01,1,FALSE,New York City,NY
0xa00034,a000,100046,5,2019-10-01T21:06:03,1,FALSE,New York City,NY
0xa00030,a000,100054,9,2019-10-01T15:29:05,1,FALSE,New York City,NY
0xa00026,a000,100060,8,2019-10-01T14:39:47,1,FALSE,New York City,NY
0xa00018,a000,100020,7,2019-10-01T10:44:21,1,FALSE,New York City,NY
0xa00008,a000,100057,5,2019-10-01T14:40:31,1,FALSE,New York City,NY
0xa00039,a000,100046,5,2019-10-01T14:27:02,1,FALSE,New York City,NY
0xa00038,a000,100090,1,2019-10-01T11:14:55,1,FALSE,New York City,NY
0xa00028,a000,100087,2,2019-10-01T12:51:40,1,FALSE,New York City,NY
0xa00030,a000,100077,9,2019-10-01T07:35:07,1,FALSE,New York City,NY
0xa00012,a000,100066,4,2019-10-01T22:36:19,0,FALSE,New York City,NY
0xa00013,a000,100046,1,2019-10-01T04:06:28,1,FALSE,New York City,NY
0xa00026,a000,100093,3,2019-10-01T05:40:06,1,FALSE,New York City,NY
0xa00028,a000,100010,4,2019-10-01T22:56:23,1,FALSE,New York City,NY
0xa00002,a000,100002,6,2019-10-01T08:57:27,1,FALSE,New York City,NY
0xa00027,a000,100060,1,2019-10-01T02:16:35,1,FALSE,New York City,NY
0xa00036,a000,100088,6,2019-10-01T10:20:02,1,FALSE,New York City,NY
0xa00034,a000,100034,4,2019-10-01T15:34:36,1,FALSE,New York City,NY
0xa00024,a000,100062,8,2019-10-01T21:17:50,1,FALSE,New York City,NY
0xa00016,a000,100022,9,2019-10-01T09:04:48,1,FALSE,New York City,NY
0xa00006,a000,100085,8,2019-10-01T10:57:59,1,FALSE,New York City,NY
0xa00006,a000,100061,9,2019-10-01T21:03:27,1,FALSE,New York City,NY
0xa00024,a000,100096,7,2019-10-01T07:16:11,1,FALSE,New York City,NY
0xa00016,a000,100038,6,2019-10-01T20:26:52,1,FALSE,New York City,NY
0xa00014,a000,100004,8,2019-10-01T07:41:07,1,FALSE,New York City,NY
0xa00011,a000,100070,6,2019-10-01T09:30:52,1,FALSE,New York City,NY
0xa00032,a000,100054,7,2019-10-01T23:18:56,1,FALSE,New York City,NY
0xa00004,a000,100065,2,2019-10-01T00:18:23,1,FALSE,New York City,NY
0xa00003,a000,100037,7,2019-10-01T15:40:32,1,FALSE,New York City,NY
0xa00029,a000,100092,7,2019-10-01T13:31:15,1,FALSE,New York City,NY
0xa00014,a000,100021,3,2019-10-01T15:12:56,1,FALSE,New York City,NY
0xa00038,a000,100054,4,2019-10-01T01:33:27,1,FALSE,New York City,NY
0xa00008,a000,100041,4,2019-10-01T02:46:08,1,FALSE,New York City,NY
0xa00006,a000,100073,2,2019-10-01T23:06:48,1,FALSE,New York City,NY
0xa00017,a000,100013,8,2019-10-01T21:27:55,1,FALSE,New York City,NY
0xa00022,a000,100093,9,2019-10-01T10:23:07,1,FALSE,New York City,NY
0xa00019,a000,100004,4,2019-10-01T17:57:35,1,FALSE,New York City,NY
0xa00031,a000,100028,8,2019-10-01T05:02:20,0,FALSE,New York City,NY
0xa00036,a000,100087,3,2019-10-01T03:32:03,1,FALSE,New York City,NY
0xa00008,a000,100054,6,2019-10-01T21:17:35,1,FALSE,New York City,NY
0xa00024,a000,100093,8,2019-10-01T11:48:34,1,FALSE,New York City,NY
0xa00006,a000,100004,2,2019-10-01T02:36:17,1,FALSE,New York City,NY
0xa00028,a000,100051,3,2019-10-01T18:58:34,1,FALSE,New York City,NY
0xa00039,a000,100022,1,2019-10-01T05:33:01,1,FALSE,New York City,NY
0xa00004,a000,100023,2,2019-10-01T19:53:44,1,FALSE,New York City,NY
0xa00032,a000,100020,3,2019-10-01T00:53:27,1,FALSE,New York City,NY
0xa00036,a000,100036,1,2019-10-01T20:32:51,1,FALSE,New York City,NY
0xa00003,a000,100009,2,2019-10-01T15:04:13,0,FALSE,New York City,NY
0xa00038,a000,100047,9,2019-10-01T18:19:32,1,FALSE,New York City,NY
0xa00018,a000,100073,3,2019-10-01T04:28:16,1,FALSE,New York City,NY
0xa00038,a000,100043,4,2019-10-01T01:52:54,1,FALSE,New York City,NY
0xa00003,a000,100080,2,2019-10-01T16:18:09,1,FALSE,New York City,NY
0xa00032,a000,100075,4,2019-10-01T21:31:23,1,FALSE,New York City,NY
0xa00005,a000,100085,4,2019-10-01T14:03:18,1,FALSE,New York City,NY
0xa00013,a000,100068,5,2019-10-01T10:13:59,0,FALSE,New York City,NY
0xa00008,a000,100053,6,2019-10-01T17:50:52,0,FALSE,New York City,NY
0xa00036,a000,100098,8,2019-10-01T02:32:11,1,FALSE,New York City,NY
0xa00032,a000,100078,8,2019-10-01T23:42:48,1,FALSE,New York City,NY
0xa00020,a000,100087,5,2019-10-01T21:42:53,1,FALSE,New York City,NY
0xa00032,a000,100098,8,2019-10-01T12:52:12,1,FALSE,New York City,NY
0xa00019,a000,100076,1,2019-10-01T05:12:17,1,FALSE,New York City,NY
0xa00038,a000,100090,7,2019-10-01T08:41:50,1,FALSE,New York City,NY
0xa00003,a000,100027,5,2019-10-01T14:10:39,1,FALSE,New York City,NY
0xa00035,a000,100014,2,2019-10-01T13:46:14,1,FALSE,New York City,NY
0xa00015,a000,100039,2,2019-10-01T07:18:31,0,TRUE,New York City,NY
0xa00010,a000,100009,6,2019-10-01T07:16:39,0,FALSE,New York City,NY
0xa00021,a000,100018,6,2019-10-01T12:06:43,1,TRUE,New York City,NY
0xa00001,a000,100084,2,2019-10-01T02:10:01,1,FALSE,New York City,NY
0xa00035,a000,100095,8,2019-10-01T21:37:46,1,FALSE,New York City,NY
0xa00020,a000,100054,2,2019-10-01T02:21:04,1,FALSE,New York City,NY
0xa00017,a000,100087,6,2019-10-01T17:19:35,1,FALSE,New York City,NY
0xa00007,a000,100009,2,2019-10-01T18:15:41,1,FALSE,New York City,NY
0xa00010,a000,100098,2,2019-10-01T17:26:23,1,FALSE,New York City,NY
0xa00036,a000,100068,8,2019-10-01T15:10:33,1,FALSE,New York City,NY
0xa00008,a000,100014,2,2019-10-01T09:35:49,1,FALSE,New York City,NY
0xa00030,a000,100052,8,2019-10-01T10:30:33,1,TRUE,New York City,NY
0xa00016,a000,100012,5,2019-10-01T14:14:01,1,FALSE,New York City,NY
0xa00003,a000,100100,8,2019-10-01T06:10:59,1,FALSE,New York City,NY
0xa00015,a000,100084,1,2019-10-01T11:01:48,1,FALSE,New York City,NY
0xa00020,a000,100009,2,2019-10-01T16:23:53,1,FALSE,New York City,NY
0xa00021,a000,100034,7,2019-10-01T06:31:03,1,FALSE,New York City,NY
0xa00020,a000,100073,3,2019-10-01T17:32:41,1,FALSE,New York City,NY
0xa00037,a000,100035,5,2019-10-01T23:39:08,1,FALSE,New York City,NY
0xa00024,a000,100011,4,2019-10-01T08:15:58,1,FALSE,New York City,NY
0xa00039,a000,100011,3,2019-10-01T03:14:38,1,FALSE,New York City,NY
0xa00017,a000,100044,5,2019-10-01T11:20:46,1,FALSE,New York City,NY
0xa00005,a000,100041,4,2019-10-01T16:14:41,1,FALSE,New York City,NY
0xa00018,a000,100099,2,2019-10-01T09:42:44,1,FALSE,New York City,NY
0xa00013,a000,100041,1,2019-10-01T08:35:27,1,FALSE,New York City,NY
0xa00035,a000,100003,7,2019-10-01T23:10:01,1,FALSE,New York City,NY
0xa00018,a000,100002,9,2019-10-01T22:54:26,1,FALSE,New York City,NY
0xa00012,a000,100051,2,2019-10-01T20:48:28,1,FALSE,New York City,NY
0xa00030,a000,100028,1,2019-10-01T10:19:43,1,FALSE,New York City,NY
0xa00029,a000,100006,8,2019-10-01T01:30:50,1,FALSE,New York City,NY
0xa00003,a000,100035,5,2019-10-01T01:05:54,1,FALSE,New York City,NY
0xa00014,a000,100034,8,2019-10-01T07:43:10,1,FALSE,New York City,NY
0xa00038,a000,100062,4,2019-10-01T11:20:03,1,FALSE,New York City,NY
0xa00017,a000,100086,9,2019-10-01T22:26:40,1,FALSE,New York City,NY
0xa00017,a000,100060,4,2019-10-01T13:44:30,0,FALSE,New York City,NY
0xa00027,a000,100004,6,2019-10-01T01:36:07,1,FALSE,New York City,NY
0xa00017,a000,100020,2,2019-10-01T23:49:10,1,FALSE,New York City,NY
0xa00025,a000,100020,3,2019-10-01T16:47:42,1,FALSE,New York City,NY
0xa00025,a000,100074,5,2019-10-01T15:12:28,1,FALSE,New York City,NY
0xa00026,a000,100098,5,2019-10-01T21:27:44,1,FALSE,New York City,NY
0xa00028,a000,100024,5,2019-10-01T09:47:55,1,FALSE,New York City,NY
0xa00011,a000,100045,6,2019-10-01T04:50:25,1,FALSE,New York City,NY
0xa00019,a000,100059,6,2019-10-01T13:03:24,1,FALSE,New York City,NY
0xa00029,a000,100096,2,2019-10-01T21:23:36,1,FALSE,New York City,NY
0xa00026,a000,100052,3,2019-10-01T12:13:41,1,FALSE,New York City,NY
0xa00032,a000,100011,8,2019-10-01T11:03:10,1,FALSE,New York City,NY
0xa00005,a000,100047,8,2019-10-01T00:14:49,1,FALSE,New York City,NY
0xa00028,a000,100067,9,2019-10-01T11:17:33,1,FALSE,New York City,NY
0xa00016,a000,100016,5,2019-10-01T19:27:16,1,FALSE,New York City,NY
0xa00035,a000,100078,8,2019-10-01T08:23:53,1,FALSE,New York City,NY
0xa00024,a000,100094,2,2019-10-01T18:04:21,0,FALSE,New York City,NY
0xa00012,a000,100043,3,2019-10-01T08:29:53,1,FALSE,New York City,NY
0xa00038,a000,100075,1,2019-10-01T13:56:52,0,FALSE,New York City,NY
0xa00005,a000,100008,8,2019-10-01T20:46:42,1,FALSE,New York City,NY
0xa00023,a000,100039,6,2019-10-01T04:25:50,1,FALSE,New York City,NY
0xa00031,a000,100029,9,2019-10-01T08:19:34,0,FALSE,New York City,NY
0xa00005,a000,100067,3,2019-10-01T00:45:34,1,FALSE,New York City,NY
0xa00038,a000,100062,9,2019-10-01T09:19:07,1,FALSE,New York City,NY
0xa00007,a000,100048,2,2019-10-01T21:46:55,1,TRUE,New York City,NY
0xa00011,a000,100040,8,2019-10-01T16:34:12,1,FALSE,New York City,NY
0xa00027,a000,100065,5,2019-10-01T21:34:00,1,FALSE,New York City,NY
0xa00035,a000,100086,9,2019-10-01T11:42:19,1,FALSE,New York City,NY
0xa00023,a000,100064,8,2019-10-01T05:08:02,0,FALSE,New York City,NY
0xa00005,a000,100082,1,2019-10-01T11:53:55,1,FALSE,New York City,NY
0xa00025,a000,100039,7,2019-10-01T12:53:27,1,FALSE,New York City,NY
0xa00016,a000,100069,8,2019-10-01T03:24:55,1,FALSE,New York City,NY
0xa00008,a000,100075,1,2019-10-01T08:10:12,1,FALSE,New York City,NY
0xa00030,a000,100079,2,2019-10-01T23:34:58,1,FALSE,New York City,NY
0xa00032,a000,100036,2,2019-10-01T08:00:38,1,FALSE,New York City,NY
0xa00001,a000,100049,5,2019-10-01T02:39:00,1,FALSE,New York City,NY
0xa00013,a000,100053,1,2019-10-01T08:50:54,1,FALSE,New York City,NY
0xa00030,a000,100041,1,2019-10-01T22:23:27,1,FALSE,New York City,NY
0xa00031,a000,100060,7,2019-10-01T17:44:30,1,FALSE,New York City,NY
0xa00033,a000,100028,2,2019-10-01T09:54:51,1,FALSE,New York City,NY
0xa00024,a000,100074,8,2019-10-01T13:09:58,1,FALSE,New York City,NY
0xa00035,a000,100012,8,2019-10-01T09:24:26,0,FALSE,New York City,NY
0xa00032,a000,100087,6,2019-10-01T04:28:17,0,FALSE,New York City,NY
0xa00031,a000,100013,5,2019-10-01T17:32:22,1,FALSE,New York City,NY
0xa00027,a000,100069,5,2019-10-01T22:40:40,1,FALSE,New York City,NY
0xa00013,a000,100067,5,2019-10-01T13:29:28,1,FALSE,New York City,NY
0xa00023,a000,100059,8,2019-10-01T04:28:53,1,FALSE,New York City,NY
0xa00026,a000,100068,5,2019-10-01T19:13:56,1,FALSE,New York City,NY
0xa00006,a000,100001,6,2019-10-01T18:30:08,1,FALSE,New York City,NY
0xa00007,a000,100028,4,2019-10-01T20:03:49,1,FALSE,New York City,NY
0xa00033,a000,100052,4,2019-10-01T14:35:44,1,FALSE,New York City,NY
0xa00028,a000,100056,3,2019-10-01T14:33:06,1,FALSE,New York City,NY
0xa00008,a000,100059,6,2019-10-01T05:11:15,1,FALSE,New York City,NY
0xa00013,a000,100066,5,2019-10-01T05:24:24,1,FALSE,New York City,NY
0xa00004,a000,100029,7,2019-10-01T22:54:07,1,FALSE,New York City,NY
0xa00007,a000,100073,6,2019-10-01T03:04:22,1,FALSE,New York City,NY
0xa00022,a000,100060,4,2019-10-01T14:49:32,0,FALSE,New York City,NY
0xa00005,a000,100063,5,2019-10-01T04:36:32,1,TRUE,New York City,NY
0xa00005,a000,100002,4,2019-10-01T10:08:01,1,FALSE,New York City,NY
0xa00039,a000,100100,9,2019-10-01T09:01:59,1,FALSE,New York City,NY
0xa00033,a000,100057,4,2019-10-01T11:39:17,1,FALSE,New York City,NY
0xa00015,a000,100050,8,2019-10-01T11:56:10,1,FALSE,New York City,NY
0xa00002,a000,100024,3,2019-10-01T14:39:20,1,FALSE,New York City,NY
0xa00009,a000,100099,1,2019-10-01T22:16:15,1,FALSE,New York City,NY
0xa00025,a000,100090,5,2019-10-01T12:55:54,0,FALSE,New York City,NY
0xa00006,a000,100046,8,2019-10-01T23:54:09,1,FALSE,New York City,NY
0xa00025,a000,100007,6,2019-10-01T20:46:22,0,FALSE,New York City,NY
0xa00032,a000,100009,9,2019-10-01T10:07:22,1,FALSE,New York City,NY
0xa00026,a000,100002,9,2019-10-01T12:18:28,1,FALSE,New York City,NY
0xa00010,a000,100055,4,2019-10-01T15:55:55,1,FALSE,New York City,NY
0xa00003,a000,100097,2,2019-10-01T02:45:56,1,FALSE,New York City,NY
0xa00006,a000,100035,2,2019-10-01T01:40:21,1,FALSE,New York City,NY
0xa00038,a000,100074,8,2019-10-01T22:02:08,1,TRUE,New York City,NY
0xa00014,a000,100083,8,2019-10-01T20:09:59,1,FALSE,New York City,NY
0xa00037,a000,100050,8,2019-10-01T19:51:58,1,FALSE,New York City,NY
0xa00035,a000,100006,1,2019-10-01T13:58:32,0,FALSE,New York City,NY
0xa00024,a000,100071,7,2019-10-01T01:33:07,1,FALSE,New York City,NY
0xa00020,a000,100077,9,2019-10-01T18:27:34,1,FALSE,New York City,NY
0xa00013,a000,100080,1,2019-10-01T04:42:24,0,FALSE,New York City,NY
0xa00017,a000,100046,1,2019-10-01T21:28:48,1,FALSE,New York City,NY
0xa00005,a000,100098,8,2019-10-01T11:33:13,0,FALSE,New York City,NY
0xa00024,a000,100099,9,2019-10-01T01:09:22,1,FALSE,New York City,NY
0xa00034,a000,100058,9,2019-10-01T15:22:53,1,FALSE,New York City,NY
0xa00028,a000,100087,9,2019-10-01T16:21:24,1,FALSE,New York City,NY
0xa00027,a000,100050,5,2019-10-01T14:41:25,1,FALSE,New York City,NY
0xa00031,a000,100071,5,2019-10-01T08:15:36,1,FALSE,New York City,NY
0xa00014,a000,100091,3,2019-10-01T12:43:53,1,FALSE,New York City,NY
0xa00012,a000,100074,5,2019-10-01T09:55:13,1,TRUE,New York City,NY
0xa00005,a000,100039,9,2019-10-01T07:23:28,1,FALSE,New York City,NY
0xa00004,a000,100025,6,2019-10-01T05:59:21,1,FALSE,New York City,NY
0xa00003,a000,100023,3,2019-10-01T03:21:31,1,FALSE,New York City,NY
0xa00033,a000,100100,1,2019-10-01T10:15:39,1,FALSE,New York City,NY
0xa00011,a000,100068,6,2019-10-01T07:25:11,1,FALSE,New York City,NY
0xa00009,a000,100032,4,2019-10-01T17:12:19,1,FALSE,New York City,NY
0xa00031,a000,100040,7,2019-10-01T13:08:38,1,FALSE,New York City,NY
0xa00018,a000,100076,5,2019-10-01T09:34:07,1,FALSE,New York City,NY
0xa00025,a000,100013,5,2019-10-01T04:28:18,1,FALSE,New York City,NY
0xa00002,a000,100053,5,2019-10-01T10:23:12,1,FALSE,New York City,NY
0xa00011,a000,100077,3,2019-10-01T12:56:25,1,FALSE,New York City,NY
0xa00025,a000,100030,8,2019-10-01T22:13:17,1,FALSE,New York City,NY
0xa00025,a000,100056,8,2019-10-01T02:55:21,1,FALSE,New York City,NY
0xa00013,a000,100063,7,2019-10-01T10:07:55,1,FALSE,New York City,NY
0xa00007,a000,100069,1,2019-10-01T18:25:08,1,FALSE,New York City,NY
0xa00003,a000,100002,1,2019-10-01T04:37:53,0,FALSE,New York City,NY
0xa00027,a000,100017,9,2019-10-01T03:59:01,1,FALSE,New York City,NY
0xa00002,a000,100041,1,2019-10-01T08:38:51,1,FALSE,New York City,NY
0xa00039,a000,100099,1,2019-10-01T06:50:11,1,FALSE,New York City,NY
0xa00008,a000,100014,9,2019-10-01T02:22:12,1,FALSE,New York City,NY
0xa00001,a000,100056,9,2019-10-01T19:32:52,1,FALSE,New York City,NY
0xa00009,a000,100076,4,2019-10-01T18:40:01,1,FALSE,New York City,NY
0xa00009,a000,100028,4,2019-10-01T16:11:14,1,FALSE,New York City,NY
0xa00014,a000,100015,5,2019-10-01T16:21:48,1,FALSE,New York City,NY
0xa00008,a000,100027,9,2019-10-01T02:44:57,1,TRUE,New York City,NY
0xa00023,a000,100046,6,2019-10-01T10:40:38,1,FALSE,New York City,NY
0xa00014,a000,100064,8,2019-10-01T09:55:48,1,FALSE,New York City,NY
0xa00013,a000,100001,8,2019-10-01T11:00:34,1,FALSE,New York City,NY
0xa00010,a000,100029,3,2019-10-01T20:26:37,1,FALSE,New York City,NY
0xa00024,a000,100095,3,2019-10-01T13:16:22,1,FALSE,New York City,NY
0xa00021,a000,100043,8,2019-10-01T12:40:46,1,FALSE,New York City,NY
0xa00008,a000,100018,5,2019-10-01T01:13:53,1,FALSE,New York City,NY
0xa00033,a000,100028,8,2019-10-01T05:03:22,1,FALSE,New York City,NY
0xa00001,a000,100042,3,2019-10-01T23:56:06,1,FALSE,New York City,NY
0xa00018,a000,100075,9,2019-10-01T17:08:06,1,FALSE,New York City,NY
0xa00028,a000,100004,1,2019-10-01T15:12:58,1,FALSE,New York City,NY
0xa00028,a000,100087,3,2019-10-01T03:54:45,1,FALSE,New York City,NY
0xa00011,a000,100066,7,2019-10-01T09:02:48,1,FALSE,New York City,NY
0xa00001,a000,100011,6,2019-10-01T05:54:55,1,FALSE,New York City,NY
0xa00009,a000,100080,5,2019-10-01T03:04:00,1,FALSE,New York City,NY
0xa00013,a000,100094,2,2019-10-01T22:34:49,1,FALSE,New York City,NY
0xa00025,a000,100095,2,2019-10-01T05:28:59,0,FALSE,New York City,NY
0xa00027,a000,100010,7,2019-10-01T11:37:54,1,FALSE,New York City,NY
0xa00001,a000,100005,2,2019-10-01T07:03:30,1,FALSE,New York City,NY
0xa00036,a000,100017,5,2019-10-01T23:18:38,1,FALSE,New York City,NY
0xa00013,a000,100057,2,2019-10-01T14:36:04,1,FALSE,New York City,NY
0xa00024,a000,100007,1,2019-10-01T19:39:03,1,FALSE,New York City,NY
0xa00001,a000,100090,1,2019-10-01T02:32:18,1,FALSE,New York City,NY
0xa00015,a000,100034,4,2019-10-01T20:59:28,1,FALSE,New York City,NY
0xa00003,a000,100038,1,2019-10-01T02:22:45,1,FALSE,New York City,NY
0xa00020,a000,100078,8,2019-10-01T21:24:02,1,TRUE,New York City,NY
0xa00016,a000,100011,4,2019-10-01T09:17:59,1,FALSE,New York City,NY
0xa00013,a000,100085,6,2019-10-01T07:30:26,1,TRUE,New York City,NY
0xa00019,a000,100074,9,2019-10-01T12:32:50,0,FALSE,New York City,NY
0xa00011,a000,100042,4,2019-10-01T22:11:53,0,FALSE,New York City,NY
0xa00032,a000,100030,5,2019-10-01T07:47:10,1,FALSE,New York City,NY
0xa00027,a000,100090,3,2019-10-01T06:12:48,1,FALSE,New York City,NY
0xa00029,a000,100098,5,2019-10-01T07:13:29,1,FALSE,New York City,NY
0xa00005,a000,100098,2,2019-10-01T20:28:28,1,FALSE,New York City,NY
0xa00013,a000,100078,7,2019-10-01T19:10:58,1,FALSE,New York City,NY
0xa00004,a000,100075,8,2019-10-01T02:54:15,1,FALSE,New York City,NY
0xa00018,a000,100071,1,2019-10-01T08:10:11,1,FALSE,New York City,NY
0xa00003,a000,100044,8,2019-10-01T23:24:51,1,FALSE,New York City,NY
0xa00009,a000,100009,6,2019-10-01T10:21:52,1,FALSE,New York City,NY
0xa00027,a000,100030,4,2019-10-01T07:01:48,1,FALSE,New York City,NY
0xa00010,a000,100046,5,2019-10-01T07:36:10,1,FALSE,New York City,NY
0xa00006,a000,100054,3,2019-10-01T19:42:25,1,FALSE,New York City,NY
0xa00009,a000,100096,4,2019-10-01T09:58:54,1,FALSE,New York City,NY
0xa00006,a000,100028,9,2019-10-01T10:45:58,1,FALSE,New York City,NY
0xa00002,a000,100030,9,2019-10-01T23:08:05,1,FALSE,New York City,NY
0xa00005,a000,100054,1,2019-10-01T09:03:23,1,FALSE,New York City,NY
0xa00035,a000,100013,5,2019-10-01T05:43:50,1,FALSE,New York City,NY
0xa00030,a000,100071,5,2019-10-01T22:30:18,1,FALSE,New York City,NY
0xa00004,a000,100028,1,2019-10-01T16:52:07,0,FALSE,New York City,NY
0xa00028,a000,100050,6,2019-10-01T04:57:40,1,FALSE,New York City,NY
0xa00028,a000,100080,5,2019-10-01T07:38:55,1,FALSE,New York City,NY
0xa00015,a000,100099,7,2019-10-01T00:32:36,1,FALSE,New York City,NY
0xa00001,a000,100008,4,2019-10-01T18:48:41,1,FALSE,New York City,NY
0xa00008,a000,100088,9,2019-10-01T04:25:31,1,FALSE,New York City,NY
0xa00034,a000,100010,2,2019-10-01T09:43:42,1,FALSE,New York City,NY
0xa00029,a000,100093,5,2019-10-01T09:28:07,1,FALSE,New York City,NY
0xa00032,a000,100068,5,2019-10-01T00:13:31,1,FALSE,New York City,NY
0xa00016,a000,100070,2,2019-10-01T21:29:40,1,FALSE,New York City,NY
0xa00005,a000,100073,9,2019-10-01T12:18:58,1,FALSE,New York City,NY
0xa00012,a000,100057,2,2019-10-01T06:13:23,1,FALSE,New York City,NY
0xa00029,a000,100033,5,2019-10-01T17:56:26,1,FALSE,New York City,NY
0xa00006,a000,100061,6,2019-10-01T22:31:30,1,FALSE,New York City,NY
0xa00035,a000,100026,6,2019-10-01T07:10:53,1,FALSE,New York City,NY
0xa00010,a000,100087,9,2019-10-01T05:08:11,1,TRUE,New York City,NY
0xa00029,a000,100072,5,2019-10-01T18:11:56,1,FALSE,New York City,NY
0xa00039,a000,100018,7,2019-10-01T01:14:55,1,FALSE,New York City,NY
0xa00032,a000,100037,2,2019-10-01T21:21:16,1,FALSE,New York City,NY
0xa00038,a000,100072,8,2019-10-01T05:17:57,0,FALSE,New York City,NY
0xa00017,a000,100016,5,2019-10-01T02:32:48,0,FALSE,New York City,NY
0xa00001,a000,100060,1,2019-10-01T11:22:12,1,FALSE,New York City,NY
0xa00026,a000,100019,8,2019-10-01T06:50:58,1,FALSE,New York City,NY
0xa00026,a000,100022,1,2019-10-01T23:10:55,1,FALSE,New York City,NY
0xa00035,a000,100029,6,2019-10-01T09:05:57,1,FALSE,New York City,NY
0xa00019,a000,100098,8,2019-10-01T03:13:55,1,FALSE,New York City,NY
0xa00032,a000,100049,5,2019-10-01T16:15:11,1,FALSE,New York City,NY
0xa00016,a000,100098,3,2019-10-01T11:45:21,1,FALSE,New York City,NY
0xa00001,a000,100043,8,2019-10-01T16:58:35,1,FALSE,New York City,NY
0xa00024,a000,100025,8,2019-10-01T02:39:03,1,FALSE,New York City,NY
0xa00012,a000,100060,6,2019-10-01T13:36:52,1,FALSE,New York City,NY
0xa00028,a000,100016,2,2019-10-01T23:42:43,1,FALSE,New York City,NY
0xa00034,a000,100094,1,2019-10-01T11:21:04,1,FALSE,New York City,NY
0xa00011,a000,100037,8,2019-10-01T20:10:43,1,FALSE,New York City,NY
0xa00022,a000,100083,1,2019-10-01T08:17:38,1,FALSE,New York City,NY
0xa00019,a000,100044,3,2019-10-01T04:54:43,1,FALSE,New York City,NY
0xa00015,a000,100020,7,2019-10-01T22:17:44,1,FALSE,New York City,NY
0xa00016,a000,100010,4,2019-10-01T17:34:37,0,FALSE,New York City,NY
0xa00022,a000,100072,8,2019-10-01T14:33:23,1,FALSE,New York City,NY
0xa00001,a000,100005,1,2019-10-01T00:40:53,1,FALSE,New York City,NY
0xa00012,a000,100004,5,2019-10-01T20:08:33,1,FALSE,New York City,NY
0xa00003,a000,100080,9,2019-10-01T12:37:00,1,TRUE,New York City,NY
0xa00012,a000,100030,9,2019-10-01T00:51:12,1,FALSE,New York City,NY
0xa00005,a000,100078,8,2019-10-01T16:00:42,1,FALSE,New York City,NY
0xa00014,a000,100022,1,2019-10-01T17:10:43,1,FALSE,New York City,NY
0xa00036,a000,100077,6,2019-10-01T04:49:49,1,FALSE,New York City,NY
0xa00003,a000,100029,1,2019-10-01T11:09:31,0,FALSE,New York City,NY
0xa00014,a000,100017,1,2019-10-01T15:29:23,1,FALSE,New York City,NY
0xa00030,a000,100082,2,2019-10-01T19:37:48,1,FALSE,New York City,NY
0xa00027,a000,100041,8,2019-10-01T17:13:40,1,FALSE,New York City,NY
0xa00002,a000,100064,6,2019-10-01T05:10:36,0,FALSE,New York City,NY
0xa00012,a000,100041,4,2019-10-01T18:05:49,1,FALSE,New York City,NY
0xa00013,a000,100056,8,2019-10-01T11:59:09,1,FALSE,New York City,NY
0xa00039,a000,100069,3,2019-10-01T10:18:23,1,FALSE,New York City,NY
0xa00024,a000,100075,1,2019-10-01T01:01:17,1,FALSE,New York City,NY
0xa00024,a000,100069,2,2019-10-01T14:23:38,1,FALSE,New York City,NY
0xa00013,a000,100100,1,2019-10-01T21:40:34,1,FALSE,New York City,NY
0xa00017,a000,100022,2,2019-10-01T06:36:04,1,FALSE,New York City,NY
0xa00039,a000,100069,9,2019-10-01T20:38:34,1,FALSE,New York City,NY
0xa00019,a000,100054,4,2019-10-01T15:07:15,1,TRUE,New York City,NY
0xa00019,a000,100064,4,2019-10-01T05:09:36,1,FALSE,New York City,NY
0xa00035,a000,100058,8,2019-10-01T05:07:36,1,FALSE,New York City,NY
0xa00032,a000,100047,8,2019-10-01T14:26:02,1,FALSE,New York City,NY
0xa00020,a000,100083,9,2019-10-01T13:46:11,1,FALSE,New York City,NY
0xa00032,a000,100099,9,2019-10-01T19:04:01,1,FALSE,New York City,NY
0xa00031,a000,100044,3,2019-10-01T14:06:40,1,FALSE,New York City,NY
0xa00034,a000,100038,8,2019-10-01T18:57:37,1,FALSE,New York City,NY
0xa00026,a000,100052,5,2019-10-01T09:00:00,1,FALSE,New York City,NY
0xa00021,a000,100091,4,2019-10-01T09:45:12,1,FALSE,New York City,NY
0xa00006,a000,100039,7,2019-10-01T05:25:04,1,FALSE,New York City,NY
0xa00023,a000,100038,2,2019-10-01T12:45:21,1,FALSE,New York City,NY
0xa00008,a000,100017,1,2019-10-01T20:40:36,1,FALSE,New York City,NY
0xa00033,a000,100066,6,2019-10-01T09:52:01,0,FALSE,New York City,NY
0xa00010,a000,100042,2,2019-10-01T06:03:13,1,FALSE,New York City,NY
0xa00015,a000,100025,9,2019-10-01T02:27:44,1,FALSE,New York City,NY
0xa00026,a000,100064,7,2019-10-01T10:57:03,1,FALSE,New York City,NY
0xa00018,a000,100095,4,2019-10-01T06:09:43,1,FALSE,New York City,NY
0xa00027,a000,100048,5,2019-10-01T04:07:09,1,FALSE,New York City,NY
0xa00020,a000,100037,9,2019-10-01T17:48:01,1,FALSE,New York City,NY
0xa00039,a000,100082,9,2019-10-01T12:55:51,1,FALSE,New York City,NY
0xa00002,a000,100010,5,2019-10-01T16:13:35,1,FALSE,New York City,NY
0xa00016,a000,100065,4,2019-10-01T16:19:24,1,FALSE,New York City,NY
0xa00019,a000,100071,5,2019-10-01T18:38:40,1,FALSE,New York City,NY
0xa00016,a000,100065,6,2019-10-01T01:52:42,1,FALSE,New York City,NY
0xa00026,a000,100066,4,2019-10-01T18:47:29,1,FALSE,New York City,NY
0xa00016,a000,100039,3,2019-10-01T12:03:43,0,FALSE,New York City,NY
0xa00014,a000,100077,5,2019-10-01T05:11:22,1,FALSE,New York City,NY
0xa00011,a000,100016,1,2019-10-01T03:33:12,1,FALSE,New York City,NY
0xa00025,a000,100045,9,2019-10-01T20:09:34,1,FALSE,New York City,NY
0xa00019,a000,100002,6,2019-10-01T07:42:52,1,FALSE,New York City,NY
0xa00035,a000,100070,1,2019-10-01T10:49:47,1,FALSE,New York City,NY
0xa00007,a000,100077,9,2019-10-01T23:05:45,1,FALSE,New York City,NY
0xa00006,a000,100002,3,2019-10-01T13:47:22,1,FALSE,New York City,NY
0xa00014,a000,100056,7,2019-10-01T03:18:20,0,FALSE,New York City,NY
0xa00014,a000,100021,6,2019-10-01T02:08:37,1,TRUE,New York City,NY
0xa00033,a000,100086,6,2019-10-01T06:43:52,1,FALSE,New York City,NY
0xa00008,a000,100009,4,2019-10-01T10:20:58,1,FALSE,New York City,NY
0xa00022,a000,100089,7,2019-10-01T16:00:27,1,FALSE,New York City,NY
0xa00037,a000,100003,7,2019-10-01T07:35:55,1,FALSE,New York City,NY
0xa00016,a000,100097,6,2019-10-01T13:20:17,1,FALSE,New York City,NY
0xa00014,a000,100063,1,2019-10-01T17:41:29,0,FALSE,New York City,NY
0xa00008,a000,100039,6,2019-10-01T18:22:24,0,FALSE,New York City,NY
0xa00009,a000,100014,5,2019-10-01T18:29:43,1,FALSE,New York City,NY
0xa00007,a000,100046,3,2019-10-01T07:29:34,1,FALSE,New York City,NY
0xa00005,a000,100031,5,2019-10-01T04:36:44,1,FALSE,New York City,NY
0xa00010,a000,100056,6,2019-10-01T14:36:59,1,FALSE,New York City,NY
0xa00016,a000,100090,9,2019-10-01T04:05:57,1,FALSE,New York City,NY
0xa00005,a000,100040,4,2019-10-01T04:24:43,1,FALSE,New York City,NY
0xa00030,a000,100060,7,2019-10-01T01:44:03,1,FALSE,New York City,NY
0xa00020,a000,100012,9,2019-10-01T14:09:40,1,FALSE,New York City,NY
0xa00028,a000,100025,6,2019-10-01T03:26:35,1,FALSE,New York City,NY
0xa00023,a000,100031,8,2019-10-01T19:09:15,1,FALSE,New York City,NY
0xa00032,a000,100100,6,2019-10-01T11:52:39,1,FALSE,New York City,NY
0xa00024,a000,100081,4,2019-10-01T06:30:55,1,TRUE,New York City,NY
0xa00007,a000,100077,6,2019-10-01T07:24:17,1,FALSE,New York City,NY
0xa00011,a000,100012,5,2019-10-01T23:31:57,1,FALSE,New York City,NY
0xa00014,a000,100092,3,2019-10-01T23:18:45,1,FALSE,New York City,NY
0xa00009,a000,100071,4,2019-10-01T11:42:13,1,FALSE,New York City,NY
0xa00026,a000,100005,9,2019-10-01T01:56:59,1,FALSE,New York City,NY
0xa00022,a000,100094,6,2019-10-01T18:17:32,0,TRUE,New York City,NY
0xa00007,a000,100029,6,2019-10-01T04:07:13,0,FALSE,New York City,NY
0xa00022,a000,100093,3,2019-10-01T22:29:26,1,FALSE,New York City,NY
0xa00011,a000,100063,1,2019-10-01T19:16:23,1,FALSE,New York City,NY
0xa00031,a000,100037,8,2019-10-01T07:58:43,1,FALSE,New York City,NY
0xa00022,a000,100049,9,2019-10-01T07:10:29,1,FALSE,New York City,NY
0xa00014,a000,100023,5,2019-10-01T05:20:47,1,FALSE,New York City,NY
0xa00026,a000,100072,3,2019-10-01T06:00:05,1,FALSE,New York City,NY
0xa00012,a000,100005,5,2019-10-01T04:45:10,1,FALSE,New York City,NY
0xa00009,a000,100085,2,2019-10-01T02:00:46,1,FALSE,New York City,NY
0xa00010,a000,100075,4,2019-10-01T04:54:39,1,FALSE,New York City,NY
0xa00021,a000,100013,4,2019-10-01T18:20:37,1,FALSE,New York City,NY
0xa00001,a000,100092,3,2019-10-01T16:01:31,1,FALSE,New York City,NY
0xa00021,a000,100063,6,2019-10-01T19:27:59,1,FALSE,New York City,NY
0xa00032,a000,100030,6,2019-10-01T23:19:38,1,FALSE,New York City,NY
0xa00014,a000,100035,4,2019-10-01T11:52:12,0,FALSE,New York City,NY
0xa00036,a000,100030,4,2019-10-01T13:14:38,1,FALSE,New York City,NY
0xa00013,a000,100032,6,2019-10-01T09:58:44,1,FALSE,New York City,NY
0xa00013,a000,100085,7,2019-10-01T05:47:15,1,TRUE,New York City,NY
0xa00001,a000,100100,9,2019-10-01T12:07:34,1,FALSE,New York City,NY
0xa00037,a000,100092,4,2019-10-01T04:40:14,1,FALSE,New York City,NY
0xa00004,a000,100032,7,2019-10-01T01:00:42,1,FALSE,New York City,NY
0xa00011,a000,100001,4,2019-10-01T02:01:43,1,FALSE,New York City,NY
0xa00009,a000,100042,2,2019-10-01T04:58:14,1,FALSE,New York City,NY
0xa00007,a000,100054,6,2019-10-01T03:42:58,1,FALSE,New York City,NY
0xa00023,a000,100061,7,2019-10-01T06:27:40,1,FALSE,New York City,NY
0xa00014,a000,100078,6,2019-10-01T08:30:55,1,FALSE,New York City,NY
0xa00017,a000,100078,4,2019-10-01T05:59:40,1,FALSE,New York City,NY
0xa00001,a000,100088,6,2019-10-01T20:00:22,1,FALSE,New York City,NY
0xa00028,a000,100004,7,2019-10-01T20:00:34,1,FALSE,New York City,NY
0xa00024,a000,100068,8,2019-10-01T03:32:51,1,FALSE,New York City,NY
0xa00027,a000,100076,9,2019-10-01T18:42:23,0,FALSE,New York City,NY
0xa00031,a000,100097,6,2019-10-01T15:24:54,1,FALSE,New York City,NY
0xa00016,a000,100003,6,2019-10-01T13:57:18,1,FALSE,New York City,NY
0xa00012,a000,100029,8,2019-10-01T00:08:20,0,FALSE,New York City,NY
0xa00030,a000,100006,1,2019-10-01T05:40:24,1,FALSE,New York City,NY
0xa00039,a000,100080,1,2019-10-01T03:11:35,1,FALSE,New York City,NY
0xa00004,a000,100062,9,2019-10-01T11:37:53,1,FALSE,New York City,NY
0xa00014,a000,100046,8,2019-10-01T20:31:29,1,FALSE,New York City,NY
0xa00037,a000,100007,7,2019-10-01T09:29:13,1,FALSE,New York City,NY
0xa00032,a000,100034,7,2019-10-01T10:17:58,1,FALSE,New York City,NY
0xa00017,a000,100031,4,2019-10-01T13:16:33,1,FALSE,New York City,NY
0xa00003,a000,100018,5,2019-10-01T15:27:13,1,FALSE,New York City,NY
0xa00029,a000,100005,2,2019-10-01T04:38:07,1,FALSE,New York City,NY
0xa00029,a000,100030,1,2019-10-01T20:21:57,1,FALSE,New York City,NY
0xa00009,a000,100072,1,2019-10-01T20:35:34,1,FALSE,New York City,NY
0xa00003,a000,100084,4,2019-10-01T16:33:24,1,FALSE,New York City,NY
0xa00027,a000,100040,2,2019-10-01T04:02:21,0,FALSE,New York City,NY
0xa00033,a000,100060,1,2019-10-01T18:32:11,1,FALSE,New York City,NY
0xa00019,a000,100024,2,2019-10-01T21:44:23,1,TRUE,New York City,NY
0xa00019,a000,100076,9,2019-10-01T19:59:15,1,FALSE,New York City,NY
0xa00017,a000,100077,7,2019-10-01T21:15:51,1,FALSE,New York City,NY
0xa00032,a000,100091,7,2019-10-01T20:22:09,1,FALSE,New York City,NY
0xa00008,a000,100098,3,2019-10-01T10:16:04,1,FALSE,New York City,NY
0xa00012,a000,100090,3,2019-10-01T01:24:26,1,FALSE,New York City,NY
0xa00032,a000,100059,2,2019-10-01T22:27:55,0,FALSE,New York City,NY
0xa00014,a000,100057,3,2019-10-01T18:29:21,1,FALSE,New York City,NY
0xa00028,a000,100022,1,2019-10-01T13:37:18,0,FALSE,New York City,NY
0xa00003,a000,100080,9,2019-10-01T01:00:33,1,FALSE,New York City,NY
0xa00024,a000,100046,2,2019-10-01T06:35:48,1,FALSE,New York City,NY
0xa00024,a000,100051,6,2019-10-01T20:29:32,1,FALSE,New York City,NY
0xa00032,a000,100034,4,2019-10-01T00:47:24,0,FALSE,New York City,NY
0xa00010,a000,100050,4,2019-10-01T23:35:59,1,FALSE,New York City,NY
0xa00009,a000,100005,6,2019-10-01T08:25:44,1,FALSE,New York City,NY
0xa00032,a000,100013,3,2019-10-01T02:48:20,1,FALSE,New York City,NY
0xa00014,a000,100057,6,2019-10-01T09:30:07,1,TRUE,New York City,NY
0xa00034,a000,100024,7,2019-10-01T07:33:07,1,FALSE,New York City,NY
0xa00002,a000,100085,6,2019-10-01T13:50:31,1,FALSE,New York City,NY
0xa00012,a000,100009,9,2019-10-01T21:16:53,1,FALSE,New York City,NY
0xa00022,a000,100037,9,2019-10-01T20:44:44,1,FALSE,New York City,NY
0xa00011,a000,100007,5,2019-10-01T02:37:10,1,FALSE,New York City,NY
0xa00013,a000,100020,8,2019-10-01T16:26:16,1,FALSE,New York City,NY
0xa00008,a000,100090,3,2019-10-01T00:07:18,1,FALSE,New York City,NY
0xa00005,a000,100078,5,2019-10-01T11:47:00,1,FALSE,New York City,NY
0xa00010,a000,100058,5,2019-10-01T01:42:14,1,FALSE,New York City,NY
0xa00032,a000,100036,5,2019-10-01T22:18:11,1,FALSE,New York City,NY
0xa00015,a000,100095,8,2019-10-01T05:49:29,1,FALSE,New York City,NY
0xa00039,a000,100065,7,2019-10-01T15:05:35,1,FALSE,New York City,NY
0xa00011,a000,100003,8,2019-10-01T06:49:45,1,FALSE,New York City,NY
0xa00010,a000,100094,8,2019-10-01T00:09:27,0,FALSE,New York City,NY
0xa00009,a000,100060,4,2019-10-01T22:43:39,1,FALSE,New York City,NY
0xa00009,a000,100009,7,2019-10-01T15:37:59,0,FALSE,New York City,NY
0xa00020,a000,100072,4,2019-10-01T08:41:06,1,FALSE,New York City,NY
0xa00037,a000,100098,4,2019-10-01T17:23:09,1,FALSE,New York City,NY
0xa00035,a000,100034,6,2019-10-01T04:10:54,1,FALSE,New York City,NY
0xa00005,a000,100028,6,2019-10-01T04:49:13,1,FALSE,New York City,NY
0xa00016,a000,100081,2,2019-10-01T08:27:16,1,FALSE,New York City,NY
0xa00038,a000,100034,2,2019-10-01T23:04:29,1,FALSE,New York City,NY
0xa00031,a000,100004,4,2019-10-01T10:03:55,1,FALSE,New York City,NY
0xa00015,a000,100078,9,2019-10-01T05:22:42,1,FALSE,New York City,NY
0xa00017,a000,100082,7,2019-10-01T00:58:16,1,FALSE,New York City,NY
0xa00023,a000,100057,3,2019-10-01T19:22:52,1,FALSE,New York City,NY
0xa00001,a000,100005,6,2019-10-01T08:19:45,1,FALSE,New York City,NY
0xa00024,a000,100077,4,2019-10-01T01:45:02,1,FALSE,New York City,NY
0xa00018,a000,100055,1,2019-10-01T00:05:32,1,FALSE,New York City,NY
0xa00038,a000,100065,8,2019-10-01T07:47:30,1,FALSE,New York City,NY
0xa00032,a000,100039,4,2019-10-01T17:43:36,1,FALSE,New York City,NY
0xa00002,a000,100068,5,2019-10-01T23:07:56,1,TRUE,New York City,NY
0xa00003,a000,100098,9,2019-10-01T14:11:45,1,FALSE,New York City,NY
0xa00002,a000,100036,5,2019-10-01T06:14:44,1,FALSE,New York City,NY
0xa00015,a000,100026,8,2019-10-01T07:17:04,1,FALSE,New York City,NY
0xa00001,a000,100044,2,2019-10-01T11:26:31,1,FALSE,New York City,NY
0xa00036,a000,100020,7,2019-10-01T00:42:36,1,FALSE,New York City,NY
0xa00018,a000,100058,8,2019-10-01T13:59:15,0,FALSE,New York City,NY
0xa00035,a000,100050,8,2019-10-01T11:17:01,0,FALSE,New York City,NY
0xa00011,a000,100087,6,2019-10-01T12:50:29,1,FALSE,New York City,NY
0xa00011,a000,100075,9,2019-10-01T19:29:32,1,FALSE,New York City,NY
0xa00032,a000,100057,6,2019-10-01T14:43:41,1,FALSE,New York City,NY
0xa00032,a000,100021,6,2019-10-01T19:04:36,1,FALSE,New York City,NY
0xa00022,a000,100032,1,2019-10-01T17:24:56,1,FALSE,New York City,NY
0xa00037,a000,100050,7,2019-10-01T12:08:53,1,FALSE,New York City,NY
0xa00008,a000,100071,7,2019-10-01T10:45:51,1,FALSE,New York City,NY
0xa00016,a000,100029,1,2019-10-01T12:21:05,0,FALSE,New York City,NY
0xa00023,a000,100100,9,2019-10-01T07:27:22,1,FALSE,New York City,NY
0xa00038,a000,100070,5,2019-10-01T02:52:44,1,FALSE,New York City,NY
0xa00017,a000,100059,7,2019-10-01T02:16:28,1,FALSE,New York City,NY
0xa00034,a000,100009,1,2019-10-01T23:12:59,1,FALSE,New York City,NY
0xa00018,a000,100030,7,2019-10-01T13:03:53,0,FALSE,New York City,NY
0xa00023,a000,100003,5,2019-10-01T02:33:26,1,FALSE,New York City,NY
0xa00011,a000,100027,1,2019-10-01T18:11:24,0,FALSE,New York City,NY
0xa00010,a000,100041,1,2019-10-01T04:00:19,1,FALSE,New York City,NY
0xa00035,a000,100046,5,2019-10-01T00:51:09,1,FALSE,New York City,NY
0xa00016,a000,100009,3,2019-10-01T18:37:20,1,FALSE,New York City,NY
0xa00006,a000,100058,7,2019-10-01T23:46:25,1,FALSE,New York City,NY
0xa00004,a000,100052,1,2019-10-01T04:49:11,1,FALSE,New York City,NY
0xa00037,a000,100030,4,2019-10-01T21:02:44,1,FALSE,New York City,NY
0xa00002,a000,100006,5,2019-10-01T05:58:18,1,FALSE,New York City,NY
0xa00003,a000,100027,1,2019-10-01T14:27:26,1,TRUE,New York City,NY
0xa00036,a000,100020,4,2019-10-01T07:41:49,1,TRUE,New York City,NY
0xa00013,a000,100055,7,2019-10-01T01:28:56,1,FALSE,New York City,NY
0xa00018,a000,100045,1,2019-10-01T06:30:15,1,FALSE,New York City,NY
0xa00014,a000,100094,3,2019-10-01T12:55:07,1,FALSE,New York City,NY
0xa00028,a000,100027,1,2019-10-01T16:51:13,1,FALSE,New York City,NY
0xa00012,a000,100020,7,2019-10-01T21:12:57,1,FALSE,New York City,NY
0xa00036,a000,100011,2,2019-10-01T02:05:48,1,FALSE,New York City,NY
0xa00036,a000,100063,1,2019-10-01T08:23:58,1,FALSE,New York City,NY
0xa00030,a000,100013,9,2019-10-01T18:48:31,1,FALSE,New York City,NY
0xa00001,a000,100052,2,2019-10-01T11:37:00,1,FALSE,New York City,NY
0xa00016,a000,100090,5,2019-10-01T14:52:41,1,FALSE,New York City,NY
0xa00010,a000,100071,8,2019-10-01T12:38:56,1,FALSE,New York City,NY
0xa00035,a000,100052,6,2019-10-01T13:13:40,1,FALSE,New York City,NY
0xa00006,a000,100021,9,2019-10-01T13:24:25,1,FALSE,New York City,NY
0xa00016,a000,100044,2,2019-10-01T11:24:21,1,FALSE,New York City,NY
0xa00008,a000,100045,1,2019-10-01T18:53:58,1,FALSE,New York City,NY
0xa00037,a000,100045,2,2019-10-01T09:55:37,0,FALSE,New York City,NY
0xa00006,a000,100037,7,2019-10-01T10:25:13,1,FALSE,New York City,NY
0xa00013,a000,100058,7,2019-10-01T21:53:24,1,FALSE,New York City,NY
0xa00005,a000,100093,7,2019-10-01T08:02:32,1,TRUE,New York City,NY
0xa00038,a000,100028,9,2019-10-01T20:12:32,1,FALSE,New York City,NY
0xa00027,a000,100089,1,2019-10-01T03:18:16,1,FALSE,New York City,NY
0xa00027,a000,100047,7,2019-10-01T11:21:25,1,FALSE,New York City,NY
0xa00022,a000,100093,2,2019-10-01T01:55:55,1,FALSE,New York City,NY
0xa00025,a000,100084,8,2019-10-01T05:40:06,1,FALSE,New York City,NY
0xa00002,a000,100046,7,2019-10-01T23:10:23,1,FALSE,New York City,NY
0xa00002,a000,100077,5,2019-10-01T22:34:11,1,TRUE,New York City,NY
0xa00010,a000,100051,5,2019-10-01T18:21:39,1,FALSE,New York City,NY
0xa00023,a000,100025,3,2019-10-01T17:06:15,1,FALSE,New York City,NY
0xa00034,a000,100037,4,2019-10-01T13:26:48,0,FALSE,New York City,NY
0xa00018,a000,100034,9,2019-10-01T08:42:20,0,FALSE,New York City,NY
0xa00036,a000,100043,4,2019-10-01T16:28:23,1,TRUE,New York City,NY
0xa00017,a000,100040,8,2019-10-01T12:56:06,1,FALSE,New York City,NY
0xa00022,a000,100058,9,2019-10-01T19:44:49,1,FALSE,New York City,NY
0xa00001,a000,100053,5,2019-10-01T15:12:42,1,FALSE,New York City,NY
0xa00001,a000,100066,6,2019-10-01T14:15:22,1,FALSE,New York City,NY
0xa00027,a000,100045,8,2019-10-01T21:37:09,1,FALSE,New York City,NY
0xa00011,a000,100023,4,2019-10-01T15:44:49,1,FALSE,New York City,NY
0xa00032,a000,100075,4,2019-10-01T11:25:29,1,FALSE,New York City,NY
0xa00036,a000,100077,2,2019-10-01T23:34:03,1,FALSE,New York City,NY
0xa00035,a000,100022,8,2019-10-01T07:42:50,1,TRUE,New York City,NY
0xa00017,a000,100036,1,2019-10-01T14:23:11,1,FALSE,New York City,NY
0xa00017,a000,100070,3,2019-10-01T07:57:05,1,FALSE,New York City,NY
0xa00016,a000,100088,4,2019-10-01T14:20:39,1,FALSE,New York City,NY
0xa00021,a000,100075,7,2019-10-01T15:48:11,1,FALSE,New York City,NY
0xa00039,a000,100028,3,2019-10-01T04:35:05,1,FALSE,New York City,NY
0xa00004,a000,100046,9,2019-10-01T17:52:58,1,FALSE,New York City,NY
0xa00020,a000,100100,2,2019-10-01T15:18:39,1,FALSE,New York City,NY
0xa00003,a000,100087,7,2019-10-01T01:23:58,1,FALSE,New York City,NY
0xa00035,a000,100084,5,2019-10-01T04:29:22,1,FALSE,New York City,NY
0xa00017,a000,100097,9,2019-10-01T19:32:33,1,FALSE,New York City,NY
0xa00009,a000,100050,4,2019-10-01T02:25:54,1,FALSE,New York City,NY
0xa00019,a000,100077,3,2019-10-01T02:45:20,1,FALSE,New York City,NY
0xa00013,a000,100015,1,2019-10-01T13:48:50,1,FALSE,New York City,NY
0xa00028,a000,100029,9,2019-10-01T01:32:27,1,FALSE,New York City,NY
0xa00014,a000,100034,7,2019-10-01T01:04:18,1,FALSE,New York City,NY
0xa00036,a000,100011,9,2019-10-01T12:07:09,0,FALSE,New York City,NY
0xa00025,a000,100023,9,2019-10-01T05:47:01,1,FALSE,New York City,NY
0xa00007,a000,100010,3,2019-10-01T14:14:24,1,FALSE,New York City,NY
0xa00008,a000,100034,7,2019-10-01T06:47:21,1,TRUE,New York City,NY
0xa00022,a000,100006,3,2019-10-01T14:02:58,1,TRUE,New York City,NY
0xa00034,a000,100011,5,2019-10-01T08:29:24,1,FALSE,New York City,NY
0xa00021,a000,100075,2,2019-10-01T05:54:43,1,FALSE,New York City,NY
0xa00038,a000,100062,3,2019-10-01T10:10:40,1,FALSE,New York City,NY
0xa00033,a000,100034,7,2019-10-01T01:15:00,1,FALSE,New York City,NY
0xa00017,a000,100066,9,2019-10-01T08:39:32,1,FALSE,New York City,NY
0xa00033,a000,100031,2,2019-10-01T09:27:40,1,FALSE,New York City,NY
0xa00021,a000,100042,6,2019-10-01T06:19:00,1,FALSE,New York City,NY
0xa00017,a000,100030,5,2019-10-01T12:35:38,1,FALSE,New York City,NY
0xa00021,a000,100010,7,2019-10-01T04:54:07,1,FALSE,New York City,NY
0xa00035,a000,100045,2,2019-10-01T20:23:30,0,FALSE,New York City,NY
0xa00029,a000,100048,3,2019-10-01T23:42:43,1,FALSE,New York City,NY
0xa00027,a000,100036,2,2019-10-01T02:37:40,1,FALSE,New York City,NY
0xa00034,a000,100025,7,2019-10-01T20:27:53,1,FALSE,New York City,NY
0xa00023,a000,100042,6,2019-10-01T20:22:07,1,TRUE,New York City,NY
0xa00010,a000,100070,3,2019-10-01T04:34:35,1,FALSE,New York City,NY
0xa00014,a000,100092,4,2019-10-01T03:31:35,1,FALSE,New York City,NY
0xa00021,a000,100036,9,2019-10-01T08:48:20,1,FALSE,New York City,NY
0xa00013,a000,100035,3,2019-10-01T04:41:27,1,FALSE,New York City,NY
0xa00005,a000,100055,8,2019-10-01T08:42:32,0,FALSE,New York City,NY
0xa00026,a000,100047,2,2019-10-01T19:18:20,0,FALSE,New York City,NY
0xa00014,a000,100086,7,2019-10-01T05:41:54,1,TRUE,New York City,NY
0xa00019,a000,100049,2,2019-10-01T19:43:14,0,TRUE,New York City,NY
0xa00030,a000,100017,7,2019-10-01T05:42:12,1,FALSE,New York City,NY
0xa00011,a000,100047,8,2019-10-01T16:55:37,1,FALSE,New York City,NY
0xa00026,a000,100038,8,2019-10-01T17:48:55,0,FALSE,New York City,NY
0xa00028,a000,100025,1,2019-10-01T18:26:04,1,FALSE,New York City,NY
0xa00026,a000,100050,8,2019-10-01T05:57:53,1,FALSE,New York City,NY
0xa00010,a000,100075,8,2019-10-01T18:05:25,1,FALSE,New York City,NY
0xa00035,a000,100041,8,2019-10-01T04:22:50,1,FALSE,New York City,NY
0xa00032,a000,100036,2,2019-10-01T20:45:24,1,FALSE,New York City,NY
0xa00014,a000,100028,2,2019-10-01T02:38:20,1,FALSE,New York City,NY
0xa00020,a000,100085,6,2019-10-01T02:38:08,1,TRUE,New York City,NY
0xa00006,a000,100081,3,2019-10-01T00:17:10,1,FALSE,New York City,NY
0xa00020,a000,100077,1,2019-10-01T08:37:58,1,TRUE,New York City,NY
0xa00005,a000,100031,1,2019-10-01T10:33:19,1,FALSE,New York City,NY
0xa00031,a000,100032,1,2019-10-01T14:08:30,1,FALSE,New York City,NY
0xa00023,a000,100020,5,2019-10-01T20:01:28,1,FALSE,New York City,NY
0xa00024,a000,100026,4,2019-10-01T06:05:29,1,FALSE,New York City,NY
0xa00027,a000,100084,5,2019-10-01T05:50:05,1,FALSE,New York City,NY
0xa00034,a000,100053,8,2019-10-01T19:54:18,1,FALSE,New York City,NY
0xa00001,a000,100001,9,2019-10-01T08:10:41,1,FALSE,New York City,NY
0xa00008,a000,100088,7,2019-10-01T14:49:33,1,FALSE,New York City,NY
0xa00006,a000,100021,5,2019-10-01T03:52:40,1,FALSE,New York City,NY
0xa00029,a000,100049,1,2019-10-01T18:15:17,0,FALSE,New York City,NY
0xa00021,a000,100084,2,2019-10-01T06:57:37,1,TRUE,New York City,NY
0xa00023,a000,100009,8,2019-10-01T11:26:46,1,FALSE,New York City,NY
0xa00024,a000,100062,5,2019-10-01T07:41:10,1,FALSE,New York City,NY
0xa00035,a000,100044,1,2019-10-01T09:42:22,1,FALSE,New York City,NY
0xa00035,a000,100095,2,2019-10-01T21:42:38,1,FALSE,New York City,NY
0xa00007,a000,100044,1,2019-10-01T11:20:38,1,FALSE,New York City,NY
0xa00020,a000,100094,5,2019-10-01T15:42:44,1,FALSE,New York City,NY
0xa00035,a000,100001,7,2019-10-01T19:14:03,1,FALSE,New York City,NY
0xa00034,a000,100085,1,2019-10-01T12:45:16,0,FALSE,New York City,NY
0xa00023,a000,100019,2,2019-10-01T12:17:07,1,FALSE,New York City,NY
0xa00006,a000,100068,7,2019-10-01T06:25:52,1,TRUE,New York City,NY
0xa00008,a000,100011,7,2019-10-01T16:39:32,1,FALSE,New York City,NY
0xa00010,a000,100026,3,2019-10-01T21:17:43,1,FALSE,New York City,NY
0xa00021,a000,100013,4,2019-10-01T17:55:33,0,FALSE,New York City,NY
0xa00007,a000,100043,5,2019-10-01T04:38:34,0,FALSE,New York City,NY
0xa00018,a000,100017,3,2019-10-01T19:23:52,0,FALSE,New York City,NY
0xa00036,a000,100091,3,2019-10-01T16:42:16,0,FALSE,New York City,NY
0xa00029,a000,100075,8,2019-10-01T07:45:52,1,FALSE,New York City,NY
0xa00020,a000,100044,5,2019-10-01T00:31:34,1,FALSE,New York City,NY
0xa00034,a000,100091,8,2019-10-01T08:52:40,0,FALSE,New York City,NY
0xa00036,a000,100068,7,2019-10-01T19:11:19,1,FALSE,New York City,NY
0xa00009,a000,100082,7,2019-10-01T22:13:23,1,FALSE,New York City,NY
0xa00005,a000,100087,6,2019-10-01T23:07:03,1,FALSE,New York City,NY
0xa00039,a000,100047,5,2019-10-01T20:08:47,1,FALSE,New York City,NY
0xa00033,a000,100084,2,2019-10-01T18:05:10,1,FALSE,New York City,NY
0xa00028,a000,100084,3,2019-10-01T13:45:14,1,FALSE,New York City,NY
0xa00003,a000,100097,1,2019-10-01T10:48:44,1,FALSE,New York City,NY
0xa00030,a000,100096,1,2019-10-01T01:24:00,1,FALSE,New York City,NY
0xa00037,a000,100011,8,2019-10-01T21:11:49,1,FALSE,New York City,NY
0xa00008,a000,100010,2,2019-10-01T03:56:50,1,FALSE,New York City,NY
0xa00007,a000,100019,8,2019-10-01T11:25:15,1,FALSE,New York City,NY
0xa00009,a000,100007,4,2019-10-01T03:31:16,1,FALSE,New York City,NY
0xa00024,a000,100050,5,2019-10-01T04:10:29,1,FALSE,New York City,NY
0xa00016,a000,100006,4,2019-10-01T13:47:22,1,FALSE,New York City,NY
0xa00038,a000,100019,5,2019-10-01T12:27:17,1,FALSE,New York City,NY
0xa00017,a000,100069,3,2019-10-01T10:45:09,1,FALSE,New York City,NY
0xa00017,a000,100051,7,2019-10-01T10:14:50,1,FALSE,New York City,NY
0xa00016,a000,100035,1,2019-10-01T22:15:42,1,FALSE,New York City,NY
0xa00002,a000,100099,9,2019-10-01T17:07:28,1,FALSE,New York City,NY
0xa00002,a000,100080,6,2019-10-01T10:26:14,1,FALSE,New York City,NY
0xa00013,a000,100035,6,2019-10-01T20:38:40,1,FALSE,New York City,NY
0xa00019,a000,100086,4,2019-10-01T06:58:53,1,FALSE,New York City,NY
0xa00018,a000,100049,2,2019-10-01T17:41:29,1,FALSE,New York City,NY
0xa00018,a000,100002,9,2019-10-01T13:36:35,1,FALSE,New York City,NY
0xa00014,a000,100065,7,2019-10-01T06:01:20,1,FALSE,New York City,NY
0xa00004,a000,100001,2,2019-10-01T19:24:50,1,FALSE,New York City,NY
0xa00009,a000,100044,3,2019-10-01T02:39:32,1,FALSE,New York City,NY
0xa00031,a000,100064,7,2019-10-01T03:29:14,1,FALSE,New York City,NY
0xa00004,a000,100004,7,2019-10-01T22:31:57,1,FALSE,New York City,NY
0xa00024,a000,100058,3,2019-10-01T16:08:16,0,FALSE,New York City,NY
0xa00001,a000,100060,7,2019-10-01T03:54:14,1,FALSE,New York City,NY
0xa00012,a000,100060,6,2019-10-01T05:14:26,1,FALSE,New York City,NY
0xa00008,a000,100002,8,2019-10-01T03:57:21,1,FALSE,New York City,NY
0xa00024,a000,100094,6,2019-10-01T15:30:32,0,FALSE,New York City,NY
0xa00021,a000,100053,4,2019-10-01T05:46:48,1,FALSE,New York City,NY
0xa00035,a000,100003,8,2019-10-01T13:26:00,1,FALSE,New York City,NY
0xa00036,a000,100031,4,2019-10-01T04:43:29,1,FALSE,New York City,NY
0xa00037,a000,100091,9,2019-10-01T01:48:37,0,FALSE,New York City,NY
0xa00025,a000,100032,8,2019-10-01T14:06:06,1,FALSE,New York City,NY
0xa00006,a000,100086,7,2019-10-01T15:54:35,1,FALSE,New York City,NY
0xa00010,a000,100051,5,2019-10-01T13:45:49,1,FALSE,New York City,NY
0xa00031,a000,100034,9,2019-10-01T01:57:47,1,FALSE,New York City,NY
0xa00025,a000,100023,3,2019-10-01T06:56:26,1,FALSE,New York City,NY
0xa00002,a000,100034,8,2019-10-01T06:07:42,1,FALSE,New York City,NY
0xa00019,a000,100070,9,2019-10-01T10:57:10,0,FALSE,New York City,NY
0xa00026,a000,100012,4,2019-10-01T19:49:45,1,FALSE,New York City,NY
0xa00028,a000,100060,9,2019-10-01T15:37:18,1,FALSE,New York City,NY
0xa00031,a000,100085,2,2019-10-01T02:59:28,0,FALSE,New York City,NY
0xa00030,a000,100089,6,2019-10-01T00:33:23,1,FALSE,New York City,NY
0xa00010,a000,100040,2,2019-10-01T05:57:39,1,FALSE,New York City,NY
0xa00012,a000,100011,8,2019-10-01T03:48:20,1,FALSE,New York City,NY
0xa00016,a000,100017,2,2019-10-01T19:25:35,1,FALSE,New York City,NY
0xa00028,a000,100041,5,2019-10-01T22:34:10,1,FALSE,New York City,NY
0xa00019,a000,100087,4,2019-10-01T20:13:58,1,FALSE,New York City,NY
0xa00010,a000,100041,3,2019-10-01T11:01:42,1,TRUE,New York City,NY
0xa00036,a000,100059,3,2019-10-01T14:13:56,1,FALSE,New York City,NY
0xa00024,a000,100078,2,2019-10-01T04:54:29,1,FALSE,New York City,NY
0xa00013,a000,100072,6,2019-10-01T05:08:48,1,FALSE,New York City,NY
0xa00029,a000,100062,5,2019-10-01T18:41:04,1,FALSE,New York City,NY
0xa00021,a000,100002,1,2019-10-01T17:31:53,1,FALSE,New York City,NY
0xa00027,a000,100036,4,2019-10-01T02:11:08,1,FALSE,New York City,NY
0xa00015,a000,100002,6,2019-10-01T10:51:26,1,FALSE,New York City,NY
0xa00032,a000,100067,4,2019-10-01T15:10:35,1,FALSE,New York City,NY
0xa00012,a000,100021,2,2019-10-01T21:43:03,1,FALSE,New York City,NY
0xa00036,a000,100058,6,2019-10-01T08:25:02,1,FALSE,New York City,NY
0xa00032,a000,100097,8,2019-10-01T10:16:57,1,FALSE,New York City,NY
0xa00002,a000,100077,6,2019-10-01T18:14:53,1,FALSE,New York City,NY
0xa00004,a000,100063,7,2019-10-01T08:20:17,1,FALSE,New York City,NY
0xa00012,a000,100004,1,2019-10-01T08:33:58,1,FALSE,New York City,NY
0xa00023,a000,100030,1,2019-10-01T16:56:32,1,FALSE,New York City,NY
0xa00015,a000,100036,4,2019-10-01T12:07:59,1,FALSE,New York City,NY
0xa00028,a000,100063,7,2019-10-01T21:01:07,1,FALSE,New York City,NY
0xa00020,a000,100033,1,2019-10-01T16:33:30,1,FALSE,New York City,NY
0xa00024,a000,100038,1,2019-10-01T13:51:29,1,FALSE,New York City,NY
0xa00001,a000,100075,2,2019-10-01T15:59:05,1,FALSE,New York City,NY
0xa00019,a000,100005,6,2019-10-01T15:24:34,0,FALSE,New York City,NY
0xa00023,a000,100094,2,2019-10-01T12:33:54,0,FALSE,New York City,NY
0xa00038,a000,100057,4,2019-10-01T15:25:33,1,FALSE,New York City,NY
0xa00029,a000,100100,7,2019-10-01T18:29:55,1,FALSE,New York City,NY
0xa00019,a000,100072,1,2019-10-01T07:38:08,1,FALSE,New York City,NY
0xa00021,a000,100096,8,2019-10-01T07:35:26,1,FALSE,New York City,NY
0xa00004,a000,100077,4,2019-10-01T03:26:58,1,FALSE,New York City,NY
0xa00020,a000,100028,5,2019-10-01T19:28:28,1,FALSE,New York City,NY
0xa00014,a000,100002,4,2019-10-01T21:45:43,1,FALSE,New York City,NY
0xa00008,a000,100080,8,2019-10-01T22:47:27,1,FALSE,New York City,NY
0xa00019,a000,100051,5,2019-10-01T21:12:32,1,FALSE,New York City,NY
0xa00010,a000,100039,7,2019-10-01T00:58:29,1,FALSE,New York City,NY
0xa00013,a000,100019,3,2019-10-01T21:38:51,1,FALSE,New York City,NY
0xa00020,a000,100099,7,2019-10-01T17:56:20,1,FALSE,New York City,NY
0xa00014,a000,100012,4,2019-10-01T19:59:44,1,FALSE,New York City,NY
0xa00034,a000,100076,6,2019-10-01T11:26:30,1,FALSE,New York City,NY
0xa00014,a000,100052,2,2019-10-01T05:57:36,1,FALSE,New York City,NY
0xa00029,a000,100074,5,2019-10-01T19:23:16,1,FALSE,New York City,NY
0xa00005,a000,100085,6,2019-10-01T07:41:16,1,FALSE,New York City,NY
0xa00017,a000,100021,3,2019-10-01T10:29:14,0,FALSE,New York City,NY
0xa00034,a000,100010,3,2019-10-01T01:21:43,1,FALSE,New York City,NY
0xa00016,a000,100096,3,2019-10-01T03:41:00,1,FALSE,New York City,NY
0xa00030,a000,100085,7,2019-10-01T04:22:06,1,TRUE,New York City,NY
0xa00019,a000,100099,2,2019-10-01T09:56:39,1,FALSE,New York City,NY
0xa00034,a000,100088,3,2019-10-01T05:54:15,1,FALSE,New York City,NY
0xa00004,a000,100025,1,2019-10-01T09:35:42,1,FALSE,New York City,NY
0xa00031,a000,100090,8,2019-10-01T06:47:06,0,FALSE,New York City,NY
0xa00032,a000,100099,9,2019-10-01T03:34:22,1,FALSE,New York City,NY
0xa00033,a000,100019,3,2019-10-01T16:27:00,0,FALSE,New York City,NY
0xa00015,a000,100013,9,2019-10-01T12:37:02,1,FALSE,New York City,NY
0xa00019,a000,100023,4,2019-10-01T10:08:46,1,FALSE,New York City,NY
0xa00018,a000,100044,6,2019-10-01T15:23:09,1,FALSE,New York City,NY
0xa00005,a000,100061,5,2019-10-01T19:24:16,1,FALSE,New York City,NY
0xa00031,a000,100046,2,2019-10-01T10:47:45,1,FALSE,New York City,NY
0xa00009,a000,100064,7,2019-10-01T14:27:19,1,FALSE,New York City,NY
0xa00005,a000,100065,2,2019-10-01T06:36:00,1,FALSE,New York City,NY
0xa00038,a000,100035,4,2019-10-01T20:15:14,1,FALSE,New York City,NY
0xa00035,a000,100080,4,2019-10-01T19:46:16,1,FALSE,New York City,NY
0xa00027,a000,100035,1,2019-10-01T05:40:39,1,FALSE,New York City,NY
0xa00024,a000,100027,5,2019-10-01T14:38:26,1,FALSE,New York City,NY
0xa00033,a000,100098,5,2019-10-01T08:14:25,1,FALSE,New York City,NY
0xa00015,a000,100081,5,2019-10-01T21:53:16,1,FALSE,New York City,NY
0xa00027,a000,100012,9,2019-10-01T12:09:26,1,TRUE,New York City,NY
0xa00029,a000,100018,7,2019-10-01T08:02:33,1,FALSE,New York City,NY
0xa00039,a000,100084,5,2019-10-01T06:06:48,1,FALSE,New York City,NY
0xa00009,a000,100012,6,2019-10-01T06:19:41,1,FALSE,New York City,NY
0xa00007,a000,100030,8,2019-10-01T12:38:39,1,FALSE,New York City,NY
0xa00001,a000,100092,6,2019-10-01T19:13:37,1,FALSE,New York City,NY
0xa00036,a000,100052,1,2019-10-01T00:06:08,1,FALSE,New York City,NY
0xa00019,a000,100057,4,2019-10-01T14:47:45,1,FALSE,New York City,NY
0xa00017,a000,100040,3,2019-10-01T00:38:52,1,FALSE,New York City,NY
0xa00017,a000,100071,1,2019-10-01T02:07:34,0,FALSE,New York City,NY
0xa00028,a000,100095,2,2019-10-01T19:59:08,1,FALSE,New York City,NY
0xa00035,a000,100059,2,2019-10-01T09:25:29,1,FALSE,New York City,NY
0xa00015,a000,100097,9,2019-10-01T05:03:39,1,FALSE,New York City,NY
0xa00001,a000,100019,4,2019-10-01T08:41:01,0,FALSE,New York City,NY
0xa00038,a000,100041,6,2019-10-01T09:12:37,1,FALSE,New York City,NY
0xa00018,a000,100091,2,2019-10-01T22:02:29,1,FALSE,New York City,NY
0xa00025,a000,100013,9,2019-10-01T07:38:42,1,FALSE,New York City,NY
0xa00011,a000,100052,6,2019-10-01T01:02:21,1,FALSE,New York City,NY
0xa00012,a000,100036,8,2019-10-01T23:04:43,1,FALSE,New York City,NY
0xa00025,a000,100089,7,2019-10-01T08:02:50,1,FALSE,New York City,NY
0xa00013,a000,100082,5,2019-10-01T22:05:42,1,FALSE,New York City,NY
0xa00038,a000,100002,1,2019-10-01T07:34:14,1,FALSE,New York City,NY
0xa00017,a000,100064,1,2019-10-01T03:57:29,1,FALSE,New York City,NY
0xa00010,a000,100014,1,2019-10-01T12:25:34,1,FALSE,New York City,NY
0xa00017,a000,100044,4,2019-10-01T20:41:42,1,FALSE,New York City,NY
0xa00007,a000,100085,6,2019-10-01T06:45:52,1,FALSE,New York City,NY
0xa00030,a000,100052,4,2019-10-01T09:17:55,0,FALSE,New York City,NY
0xa00017,a000,100051,5,2019-10-01T19:44:58,1,FALSE,New York City,NY
0xa00013,a000,100053,9,2019-10-01T02:01:34,1,TRUE,New York City,NY
0xa00005,a000,100030,6,2019-10-01T06:12:56,1,FALSE,New York City,NY
0xa00024,a000,100076,3,2019-10-01T20:12:29,1,FALSE,New York City,NY
0xa00006,a000,100074,4,2019-10-01T17:03:06,1,FALSE,New York City,NY
0xa00039,a000,100006,4,2019-10-01T01:16:00,1,FALSE,New York City,NY
0xa00002,a000,100052,4,2019-10-01T07:49:38,1,FALSE,New York City,NY
0xa00007,a000,100032,3,2019-10-01T16:52:06,0,FALSE,New York City,NY
0xa00001,a000,100030,3,2019-10-01T06:18:24,1,FALSE,New York City,NY
0xa00027,a000,100076,1,2019-10-01T00:43:21,0,FALSE,New York City,NY
0xa00014,a000,100021,5,2019-10-01T23:29:25,1,FALSE,New York City,NY
0xa00035,a000,100059,1,2019-10-01T23:08:28,1,FALSE,New York City,NY
0xa00021,a000,100092,2,2019-10-01T20:40:34,1,FALSE,New York City,NY
0xa00022,a000,100073,1,2019-10-01T00:26:07,1,FALSE,New York City,NY
0xa00006,a000,100006,5,2019-10-01T11:47:07,1,FALSE,New York City,NY
0xa00029,a000,100051,9,2019-10-01T22:09:15,1,FALSE,New York City,NY
0xa00017,a000,100094,5,2019-10-01T16:41:55,0,FALSE,New York City,NY
0xa00012,a000,100066,7,2019-10-01T02:54:06,1,FALSE,New York City,NY
0xa00032,a000,100011,4,2019-10-01T22:34:21,1,FALSE,New York City,NY
0xa00019,a000,100020,7,2019-10-01T21:19:55,1,FALSE,New York City,NY
0xa00026,a000,100014,3,2019-10-01T22:40:52,1,FALSE,New York City,NY
0xa00002,a000,100097,3,2019-10-01T22:20:39,1,FALSE,New York City,NY
0xa00033,a000,100057,4,2019-10-01T09:35:52,1,FALSE,New York City,NY
0xa00013,a000,100059,1,2019-10-01T03:37:19,1,FALSE,New York City,NY
0xa00030,a000,100017,5,2019-10-01T00:17:39,1,FALSE,New York City,NY
0xa00012,a000,100071,9,2019-10-01T19:06:36,1,FALSE,New York City,NY
0xa00022,a000,100038,1,2019-10-01T03:39:30,1,FALSE,New York City,NY
0xa00010,a000,100095,5,2019-10-01T06:27:29,1,FALSE,New York City,NY
0xa00032,a000,100055,8,2019-10-01T10:37:05,1,FALSE,New York City,NY
0xa00015,a000,100057,7,2019-10-01T05:51:27,1,FALSE,New York City,NY
0xa00002,a000,100022,5,2019-10-01T08:21:04,1,FALSE,New York City,NY
0xa00033,a000,100074,2,2019-10-01T14:05:18,1,FALSE,New York City,NY
0xa00026,a000,100029,6,2019-10-01T09:04:00,1,FALSE,New York City,NY
0xa00009,a000,100026,4,2019-10-01T13:47:40,1,FALSE,New York City,NY
0xa00031,a000,100098,5,2019-10-01T22:57:14,0,FALSE,New York City,NY
0xa00031,a000,100058,7,2019-10-01T01:48:07,1,FALSE,New York City,NY
0xa00031,a000,100010,1,2019-10-01T01:10:52,0,FALSE,New York City,NY
0xa00024,a000,100073,4,2019-10-01T10:59:50,1,FALSE,New York City,NY
0xa00034,a000,100054,6,2019-10-01T03:07:02,1,FALSE,New York City,NY
0xa00019,a000,100092,2,2019-10-01T04:05:00,1,FALSE,New York City,NY
0xa00018,a000,100054,7,2019-10-01T17:16:18,1,FALSE,New York City,NY
0xa00038,a000,100049,5,2019-10-01T11:38:01,0,FALSE,New York City,NY
0xa00007,a000,100057,2,2019-10-01T16:33:47,1,TRUE,New York City,NY
0xa00002,a000,100080,8,2019-10-01T03:13:46,1,FALSE,New York City,NY
0xa00037,a000,100095,2,2019-10-01T20:48:17,1,TRUE,New York City,NY
0xa00013,a000,100040,5,2019-10-01T22:47:17,1,FALSE,New York City,NY
0xa00006,a000,100011,8,2019-10-01T04:44:50,1,TRUE,New York City,NY
0xa00034,a000,100054,8,2019-10-01T20:59:49,1,FALSE,New York City,NY
0xa00008,a000,100034,5,2019-10-01T13:32:31,1,FALSE,New York City,NY
0xa00004,a000,100060,4,2019-10-01T18:25:22,1,FALSE,New York City,NY
0xa00034,a000,100004,8,2019-10-01T22:36:02,1,FALSE,New York City,NY
0xa00021,a000,100031,3,2019-10-01T09:46:46,1,FALSE,New York City,NY
0xa00001,a000,100027,6,2019-10-01T11:06:52,1,FALSE,New York City,NY
0xa00035,a000,100049,2,2019-10-01T03:13:56,1,FALSE,New York City,NY
0xa00010,a000,100035,1,2019-10-01T15:04:14,1,FALSE,New York City,NY
0xa00032,a000,100041,2,2019-10-01T01:31:32,1,FALSE,New York City,NY
0xa00029,a000,100075,6,2019-10-01T21:14:25,1,FALSE,New York City,NY
0xa00001,a000,100066,5,2019-10-01T04:33:46,1,FALSE,New York City,NY
0xa00011,a000,100082,4,2019-10-01T12:19:30,1,FALSE,New York City,NY
0xa00033,a000,100026,7,2019-10-01T15:55:03,1,FALSE,New York City,NY
0xa00022,a000,100018,1,2019-10-01T10:40:34,1,FALSE,New York City,NY
0xa00010,a000,100091,1,2019-10-01T08:05:08,0,FALSE,New York City,NY
0xa00004,a000,100016,9,2019-10-01T01:02:28,0,FALSE,New York City,NY
0xa00029,a000,100077,6,2019-10-01T01:04:25,1,FALSE,New York City,NY
0xa00037,a000,100043,8,2019-10-01T02:23:40,1,FALSE,New York City,NY
0xa00014,a000,100073,6,2019-10-01T19:10:25,1,FALSE,New York City,NY
0xa00037,a000,100018,6,2019-10-01T07:24:11,1,FALSE,New York City,NY
0xa00006,a000,100036,1,2019-10-01T23:26:36,1,FALSE,New York City,NY
0xa00028,a000,100053,5,2019-10-01T00:54:01,0,FALSE,New York City,NY
0xa00013,a000,100006,8,2019-10-01T04:16:46,1,FALSE,New York City,NY
0xa00038,a000,100083,2,2019-10-01T02:38:30,1,FALSE,New York City,NY
0xa00025,a000,100050,8,2019-10-01T13:37:05,1,FALSE,New York City,NY
0xa00029,a000,100082,9,2019-10-01T22:46:49,1,FALSE,New York City,NY
0xa00029,a000,100064,4,2019-10-01T15:03:51,1,FALSE,New York City,NY
0xa00037,a000,100076,1,2019-10-01T02:25:02,1,FALSE,New York City,NY
0xa00020,a000,100032,8,2019-10-01T12:15:06,1,FALSE,New York City,NY
0xa00007,a000,100012,9,2019-10-01T17:34:49,1,FALSE,New York City,NY
0xa00034,a000,100081,6,2019-10-01T13:23:44,1,FALSE,New York City,NY
0xa00004,a000,100037,7,2019-10-01T08:44:59,1,FALSE,New York City,NY
0xa00015,a000,100085,1,2019-10-01T02:05:54,1,FALSE,New York City,NY
0xa00033,a000,100089,3,2019-10-01T20:57:25,0,FALSE,New York City,NY
0xa00032,a000,100013,5,2019-10-01T16:21:17,1,FALSE,New York City,NY
0xa00034,a000,100069,2,2019-10-01T22:43:18,1,FALSE,New York City,NY
0xa00024,a000,100027,9,2019-10-01T14:10:58,1,FALSE,New York City,NY
0xa00013,a000,100030,5,2019-10-01T20:45:40,1,FALSE,New York City,NY
0xa00029,a000,100027,7,2019-10-01T14:22:40,1,FALSE,New York City,NY
0xa00003,a000,100060,6,2019-10-01T15:55:07,1,FALSE,New York City,NY
0xa00006,a000,100093,3,2019-10-01T06:49:03,1,FALSE,New York City,NY
0xa00001,a000,100007,6,2019-10-01T01:40:44,1,FALSE,New York City,NY
0xa00014,a000,100068,4,2019-10-01T00:01:46,1,FALSE,New York City,NY
0xa00023,a000,100030,4,2019-10-01T23:39:33,1,FALSE,New York City,NY
0xa00012,a000,100053,1,2019-10-01T13:05:40,0,FALSE,New York City,NY
0xa00013,a000,100007,1,2019-10-01T00:12:11,1,TRUE,New York City,NY
